AppID,Name,Published Date,Original Price,Discount Price,Discount %,Reviews Count,Reviews Positive,Review Label,Search Filter,Number Of Players,Controller Support,OS
730,Counter-Strike 2,"21 Aug, 2012",Free,Free,N/A,2556344,86%,Very Positive,"mostplayed, newreleases, topsellers, upcomingreleases","Cross-Platform Multiplayer, Multi-player",N/A,"SteamOS + Linux, Windows"
4704690,MECCHA CHAMELEON,"9 Jun, 2026",Rp 58 499,Rp 46 799,-20%,2587,80%,Very Positive,"mostplayed, newreleases, topsellers, upcomingreleases","Multi-player, Online PvP, PvP",N/A,Windows
1085660,Destiny 2,"1 Oct, 2019",Free,Free,N/A,384732,78%,Mostly Positive,"mostplayed, newreleases, topsellers, upcomingreleases","Co-op, Multi-player, Online Co-op, Online PvP, PvP, Singleplayer","DualShock Controller Support, Dualsense Controller Support, Xbox Controller Support",Windows
2483190,Forza Horizon 6,"18 May, 2026",Rp 899 000,Rp 899 000,N/A,33155,86%,Very Positive,"mostplayed, newreleases, topsellers, upcomingreleases","Co-op, Multi-player, Online Co-op, Online PvP, PvP, Singleplayer","Full Controller Support, Gamepad Preferred, Xbox Controller Support",Windows
3405690,EA SPORTS FC™ 26,"25 Sep, 2025",Rp 239 000,Rp 47 800,-80%,20122,47%,Mixed,"mostplayed, newreleases, topsellers, upcomingreleases","Co-op, Cross-Platform Multiplayer, Multi-player, Online Co-op, Online PvP, PvP, Shared/Split Screen, Shared/Split Screen Co-op, Shared/Split Screen PvP, Singleplayer","DualShock Controller Support, Dualsense Controller Support, Full Controller Support, Xbox Controller Support",Windows
281990,Stellaris,"9 May, 2016",Rp 563 999,Rp 563 999,N/A,75756,86%,Very Positive,"mostplayed, newreleases, topsellers, upcomingreleases","Cross-Platform Multiplayer, Multi-player, Singleplayer",N/A,"SteamOS + Linux, Windows, macOS"
2694490,Path of Exile 2,"6 Dec, 2024",Rp 478 185,Rp 478 185,N/A,93636,76%,Mostly Positive,"mostplayed, newreleases, topsellers, upcomingreleases","Co-op, Multi-player, Online Co-op, Singleplayer","DualShock Controller Support, Dualsense Controller Support, Full Controller Support, Xbox Controller Support",Windows
3513350,Wuthering Waves,"28 Apr, 2025",Free,Free,N/A,26039,89%,Very Positive,"mostplayed, newreleases, topsellers, upcomingreleases",Singleplayer,"DualShock Controller Support, Dualsense Controller Support, Xbox Controller Support",Windows
381210,Dead by Daylight,"14 Jun, 2016",Rp 219 890,Rp 219 890,N/A,256978,79%,Mostly Positive,"mostplayed, newreleases, topsellers, upcomingreleases","Co-op, Cross-Platform Multiplayer, Multi-player, Online Co-op, Online PvP, PvP","Full Controller Support, Steam Input API Support, Xbox Controller Support",Windows
2767030,Marvel Rivals,"5 Dec, 2024",Free,Free,N/A,284727,77%,Mostly Positive,"mostplayed, newreleases, topsellers, upcomingreleases","Co-op, Cross-Platform Multiplayer, Multi-player, Online Co-op, Online PvP, PvP","DualShock Controller Support, Dualsense Controller Support, Full Controller Support, Xbox Controller Support",Windows
1172470,Apex Legends™,"4 Nov, 2020",Free,Free,N/A,444145,76%,Mostly Positive,"mostplayed, newreleases, topsellers, upcomingreleases","Co-op, Multi-player, Online Co-op, Online PvP, PvP","DualShock Controller Support, Dualsense Controller Support, Full Controller Support, Xbox Controller Support",Windows
1462040,FINAL FANTASY VII REMAKE INTERGRADE,"17 Jun, 2022",Rp 579 000,Rp 202 650,-65%,19063,87%,Very Positive,"mostplayed, newreleases, topsellers, upcomingreleases",Singleplayer,"DualShock Controller Support, Dualsense Controller Support, Gamepad Preferred, Xbox Controller Support",Windows
3768760,007 First Light,"26 May, 2026",Rp 650 000,Rp 650 000,N/A,13788,90%,Very Positive,"mostplayed, newreleases, topsellers, upcomingreleases",Singleplayer,"Dualsense Controller Support, Full Controller Support, Xbox Controller Support",Windows
252490,Rust,"8 Feb, 2018",Rp 329 000,Rp 164 500,-50%,523672,86%,Very Positive,"mostplayed, newreleases, topsellers, upcomingreleases","Co-op, Cross-Platform Multiplayer, Multi-player, Online Co-op, Online PvP, PvP",N/A,"Windows, macOS"
1297900,Gothic 1 Remake,"5 Jun, 2026",Rp 573 999,Rp 573 999,N/A,4267,82%,Very Positive,"mostplayed, newreleases, topsellers, upcomingreleases",Singleplayer,"DualShock Controller Support, Dualsense Controller Support, Full Controller Support, Xbox Controller Support",Windows
230410,Warframe,"25 Mar, 2013",Free,Free,N/A,295046,91%,Very Positive,"mostplayed, newreleases, topsellers, upcomingreleases","Co-op, Cross-Platform Multiplayer, Multi-player, Online Co-op, Singleplayer","DualShock Controller Support, Dualsense Controller Support, Full Controller Support, Steam Input API Support, Xbox Controller Support",Windows
2050650,Resident Evil 4,"24 Jan, 2019",Rp 519 000,Rp 129 750,-75%,66616,96%,Overwhelmingly Positive,"mostplayed, newreleases, topsellers, upcomingreleases",Singleplayer,"Full Controller Support, Xbox Controller Support",Windows
578080,PUBG: BATTLEGROUNDS,"21 Dec, 2017",Free,Free,N/A,446488,66%,Mixed,"mostplayed, newreleases, topsellers, upcomingreleases","Multi-player, Online PvP, PvP",N/A,Windows
394360,Hearts of Iron IV,"6 Jun, 2016",Rp 563 999,Rp 112 799,-80%,122235,91%,Very Positive,"mostplayed, newreleases, topsellers, upcomingreleases","Co-op, Cross-Platform Multiplayer, Multi-player, Singleplayer",N/A,"SteamOS + Linux, Windows, macOS"
3186540,Destiny 2: Renegades,"2 Dec, 2025",Rp 459 999,Rp 137 999,-70%,1290,58%,Mixed,"mostplayed, newreleases, topsellers, upcomingreleases","Co-op, Multi-player, Online Co-op, Online PvP, PvP, Singleplayer","DualShock Controller Support, Dualsense Controller Support, Xbox Controller Support",Windows
4148240,Road to Empress Ⅱ,"8 Jun, 2026",Rp 193 000,Rp 154 400,-20%,5483,82%,Very Positive,"mostplayed, newreleases, topsellers, upcomingreleases",Singleplayer,N/A,Windows
1962700,Subnautica 2,"14 May, 2026",Rp 350 999,Rp 350 999,N/A,66063,93%,Very Positive,"mostplayed, newreleases, topsellers, upcomingreleases","Co-op, Cross-Platform Multiplayer, Multi-player, Online Co-op, Singleplayer","Full Controller Support, Xbox Controller Support",Windows
1868140,DAVE THE DIVER,"28 Jun, 2023",Rp 165 999,Rp 82 999,-50%,48484,96%,Overwhelmingly Positive,"mostplayed, newreleases, topsellers, upcomingreleases",Singleplayer,"DualShock Controller Support, Dualsense Controller Support, Full Controller Support, Xbox Controller Support","Windows, macOS"
570,Dota 2,"9 Jul, 2013",Free,Free,N/A,829908,88%,Very Positive,"mostplayed, newreleases, topsellers, upcomingreleases","Co-op, Multi-player",N/A,"SteamOS + Linux, Windows, macOS"
4165870,Steam Controller,"4 May, 2026",N/A,N/A,N/A,N/A,N/A,N/A,"mostplayed, newreleases, topsellers, upcomingreleases",N/A,N/A,"SteamOS + Linux, Windows, macOS"
4241420,Stellaris: Nomads,"29 Apr, 2026",Rp 282 999,Rp 282 999,N/A,26,73%,Mostly Positive,"mostplayed, newreleases, topsellers, upcomingreleases","Cross-Platform Multiplayer, Multi-player, Singleplayer",N/A,"SteamOS + Linux, Windows, macOS"
1118520,Paralives,"25 May, 2026",Rp 299 999,Rp 299 999,N/A,11373,91%,Very Positive,"mostplayed, newreleases, topsellers, upcomingreleases",Singleplayer,N/A,"Windows, macOS"
3844970,Burglin' Gnomes,"10 Jun, 2026",Rp 90 999,Rp 81 899,-10%,1450,85%,Very Positive,"mostplayed, newreleases, topsellers, upcomingreleases","Co-op, Multi-player, Online Co-op, Singleplayer",N/A,Windows
2246340,Monster Hunter Wilds,"27 Feb, 2025",Rp 869 000,Rp 364 980,-58%,82406,69%,Mixed,"mostplayed, newreleases, topsellers, upcomingreleases","Co-op, Cross-Platform Multiplayer, Multi-player, Online Co-op, Singleplayer","DualShock Controller Support, Dualsense Controller Support, Full Controller Support, Steam Input API Support, Xbox Controller Support",Windows
1364780,Street Fighter™ 6,"1 Jun, 2023",Rp 490 000,Rp 245 000,-50%,20049,84%,Very Positive,"mostplayed, newreleases, topsellers, upcomingreleases","Cross-Platform Multiplayer, Multi-player, Online PvP, PvP, Shared/Split Screen, Shared/Split Screen PvP, Singleplayer",Xbox Controller Support,Windows
3892270,Gamble With Your Friends,"1 May, 2026",Rp 74 000,Rp 59 200,-20%,7379,88%,Very Positive,"mostplayed, newreleases, topsellers, upcomingreleases","Co-op, Multi-player, Online Co-op, Singleplayer",N/A,Windows
3764200,Resident Evil Requiem,"26 Feb, 2026",Rp 910 000,Rp 728 000,-20%,50838,96%,Overwhelmingly Positive,"mostplayed, newreleases, topsellers, upcomingreleases",Singleplayer,"DualShock Controller Support, Dualsense Controller Support, Full Controller Support, Xbox Controller Support",Windows
322330,Don't Starve Together,"21 Apr, 2016",Rp 95 999,Rp 9 599,-90%,81047,95%,Overwhelmingly Positive,"mostplayed, newreleases, topsellers, upcomingreleases","Co-op, LAN Co-op, LAN PvP, Multi-player, Online Co-op, Online PvP, PvP, Singleplayer","Full Controller Support, Xbox Controller Support","SteamOS + Linux, Windows, macOS"
1551360,Forza Horizon 5,"8 Nov, 2021",Rp 699 000,Rp 349 500,-50%,91140,88%,Very Positive,"mostplayed, newreleases, topsellers, upcomingreleases","Co-op, Cross-Platform Multiplayer, Multi-player, Online Co-op, Online PvP, PvP, Singleplayer","Full Controller Support, Xbox Controller Support",Windows
3105440,Heroes of Might and Magic: Olden Era,"30 Apr, 2026",Rp 299 999,Rp 224 999,-25%,5315,88%,Very Positive,"mostplayed, newreleases, topsellers, upcomingreleases","Multi-player, Online PvP, PvP, Shared/Split Screen, Shared/Split Screen PvP, Singleplayer",N/A,Windows
3186490,Destiny 2: The Edge of Fate,"15 Jul, 2025",Rp 459 999,Rp 91 999,-80%,1975,32%,Mostly Negative,"mostplayed, newreleases, topsellers, upcomingreleases","Co-op, Multi-player, Online Co-op, Online PvP, PvP, Singleplayer","DualShock Controller Support, Dualsense Controller Support, Xbox Controller Support",Windows
359550,Tom Clancy's Rainbow Six Siege,"1 Dec, 2015",Free,Free,N/A,787931,82%,Very Positive,"mostplayed, newreleases, topsellers, upcomingreleases","Co-op, Multi-player, Online Co-op, Online PvP, PvP, Singleplayer","DualShock Controller Support, Dualsense Controller Support, Full Controller Support, Xbox Controller Support",Windows
3564740,Where Winds Meet,"14 Nov, 2025",Free,Free,N/A,61940,86%,Very Positive,"mostplayed, newreleases, topsellers, upcomingreleases","Co-op, Cross-Platform Multiplayer, Multi-player, Online Co-op, Online PvP, PvP, Singleplayer","DualShock Controller Support, Dualsense Controller Support, Full Controller Support, Xbox Controller Support",Windows
3936530,Pro Cycling Manager 26,"15 Jun, 2026",Rp 399 999,Rp 399 999,N/A,N/A,N/A,N/A,topsellers,"Multi-player, Online PvP, PvP, Singleplayer",N/A,Windows
1943950,Escape the Backrooms,"23 Oct, 2025",Rp 84 500,Rp 84 500,N/A,39804,89%,Very Positive,"mostplayed, newreleases, topsellers, upcomingreleases","Co-op, Multi-player, Online Co-op, Singleplayer",Xbox Controller Support,Windows
3472040,NBA 2K26,"4 Sep, 2025",Rp 889 000,Rp 177 800,-80%,11218,72%,Mostly Positive,"mostplayed, newreleases, topsellers, upcomingreleases","Co-op, Multi-player, Online Co-op, Online PvP, PvP, Shared/Split Screen, Shared/Split Screen Co-op, Shared/Split Screen PvP, Singleplayer","DualShock Controller Support, Dualsense Controller Support, Gamepad Preferred, Xbox Controller Support",Windows
2909400,FINAL FANTASY VII REBIRTH,"23 Jan, 2025",Rp 729 000,Rp 291 600,-60%,11901,80%,Very Positive,"mostplayed, newreleases, topsellers, upcomingreleases",Singleplayer,"DualShock Controller Support, Dualsense Controller Support, Full Controller Support, Gamepad Preferred, Xbox Controller Support",Windows
2679100,Witchspire,"10 Jun, 2026",Rp 197 792,Rp 168 123,-15%,827,82%,Very Positive,"mostplayed, newreleases, topsellers, upcomingreleases","Co-op, Multi-player, Online Co-op, Singleplayer",Xbox Controller Support,Windows
268910,Cuphead,"29 Sep, 2017",Rp 135 999,Rp 81 599,-40%,63709,96%,Overwhelmingly Positive,"mostplayed, newreleases, topsellers, upcomingreleases","Co-op, Multi-player, Shared/Split Screen, Shared/Split Screen Co-op, Singleplayer","Full Controller Support, Xbox Controller Support","Windows, macOS"
3241660,R.E.P.O.,"26 Feb, 2025",Rp 84 500,Rp 59 150,-30%,132033,96%,Overwhelmingly Positive,"mostplayed, newreleases, topsellers, upcomingreleases","Co-op, Multi-player, Online Co-op, Singleplayer",N/A,Windows
457140,Oxygen Not Included,"30 Jul, 2019",Rp 119 999,Rp 35 999,-70%,48726,95%,Overwhelmingly Positive,"mostplayed, newreleases, topsellers, upcomingreleases",Singleplayer,N/A,"SteamOS + Linux, Windows, macOS"
236390,War Thunder,"15 Aug, 2013",Free,Free,N/A,313966,73%,Mostly Positive,"mostplayed, newreleases, topsellers, upcomingreleases","Co-op, Cross-Platform Multiplayer, Multi-player, Online Co-op, Online PvP, PvP, Singleplayer","DualShock Controller Support, Dualsense Controller Support, Full Controller Support, Steam Input API Support, Xbox Controller Support","SteamOS + Linux, Windows, macOS"
1681430,RoboCop: Rogue City,"2 Nov, 2023",Rp 399 999,Rp 39 999,-90%,14244,86%,Very Positive,"mostplayed, newreleases, topsellers, upcomingreleases",Singleplayer,"Dualsense Controller Support, Full Controller Support, Xbox Controller Support","Windows, macOS"
3478050,Road to Empress I,"8 Sep, 2025",Rp 92 624,Rp 92 624,N/A,1491,96%,Overwhelmingly Positive,"mostplayed, newreleases, topsellers, upcomingreleases",Singleplayer,N/A,Windows
1903340,Clair Obscur: Expedition 33,"24 Apr, 2025",Rp 499 000,Rp 399 200,-20%,99426,96%,Overwhelmingly Positive,"mostplayed, newreleases, topsellers, upcomingreleases",Singleplayer,"Dualsense Controller Support, Full Controller Support, Gamepad Preferred, Xbox Controller Support",Windows
1172620,Sea of Thieves: 2026 Edition,"3 Jun, 2020",Rp 449 000,Rp 157 150,-65%,145975,88%,Very Positive,"mostplayed, newreleases, topsellers, upcomingreleases","Co-op, Cross-Platform Multiplayer, Multi-player, Online Co-op, Online PvP, PvP",Xbox Controller Support,Windows
3240220,Grand Theft Auto V Enhanced,"4 Mar, 2025",Rp 439 000,Rp 439 000,N/A,63567,80%,Very Positive,"mostplayed, newreleases, topsellers, upcomingreleases","Co-op, Multi-player, Online Co-op, Online PvP, PvP, Singleplayer","Dualsense Controller Support, Xbox Controller Support",Windows
3321460,Crimson Desert,"19 Mar, 2026",Rp 799 000,Rp 799 000,N/A,58016,86%,Very Positive,"mostplayed, newreleases, topsellers, upcomingreleases",Singleplayer,"Dualsense Controller Support, Full Controller Support, Gamepad Preferred, Xbox Controller Support","Windows, macOS"
2004680,Voidling Bound,"9 Jun, 2026",Rp 214 999,Rp 193 499,-10%,1663,93%,Very Positive,"mostplayed, newreleases, topsellers, upcomingreleases",Singleplayer,"Full Controller Support, Xbox Controller Support",Windows
1245620,ELDEN RING,"24 Feb, 2022",Rp 599 000,Rp 599 000,N/A,429511,94%,Very Positive,"mostplayed, newreleases, topsellers, upcomingreleases","Co-op, Multi-player, Online Co-op, Online PvP, PvP, Singleplayer","Full Controller Support, Xbox Controller Support",Windows
431960,Wallpaper Engine,"16 Nov, 2018",Rp 47 499,Rp 47 499,N/A,227492,98%,Overwhelmingly Positive,"mostplayed, newreleases, topsellers, upcomingreleases",N/A,N/A,Windows
2868840,Slay the Spire 2,"5 Mar, 2026",Rp 211 000,Rp 211 000,N/A,53195,94%,Very Positive,"mostplayed, newreleases, topsellers, upcomingreleases","Co-op, Multi-player, Online Co-op, Singleplayer","Dualsense Controller Support, Full Controller Support, Steam Input API Support, Xbox Controller Support","SteamOS + Linux, Windows, macOS"
4394810,DAVE THE DIVER - In the Jungle Content Pack,"18 Jun, 2026",Rp 83 000,Rp 74 700,-10%,N/A,N/A,N/A,"mostplayed, newreleases, topsellers, upcomingreleases",Singleplayer,"DualShock Controller Support, Dualsense Controller Support, Full Controller Support, Xbox Controller Support","Windows, macOS"
3337380,Tabletop Tavern,"11 Jun, 2026",Rp 149 999,Rp 112 499,-25%,891,91%,Very Positive,"mostplayed, newreleases, topsellers, upcomingreleases",Singleplayer,N/A,Windows
3557620,Blue Archive,"3 Jul, 2025",Free,Free,N/A,9087,92%,Very Positive,"mostplayed, newreleases, topsellers, upcomingreleases",Singleplayer,N/A,Windows
1086940,Baldur's Gate 3,"3 Aug, 2023",Rp 699 999,Rp 699 999,N/A,442698,96%,Overwhelmingly Positive,"mostplayed, newreleases, topsellers, upcomingreleases","Co-op, Cross-Platform Multiplayer, LAN Co-op, Multi-player, Online Co-op, Singleplayer","DualShock Controller Support, Dualsense Controller Support, Full Controller Support, Xbox Controller Support","Windows, macOS"
3059520,F1® 25,"3 Jun, 2026",Rp 569 000,Rp 569 000,N/A,9296,87%,Very Positive,"mostplayed, newreleases, topsellers, upcomingreleases","Co-op, Cross-Platform Multiplayer, LAN Co-op, LAN PvP, Multi-player, Online Co-op, Online PvP, PvP, Shared/Split Screen, Shared/Split Screen Co-op, Shared/Split Screen PvP, Singleplayer","DualShock Controller Support, Dualsense Controller Support, Full Controller Support, Xbox Controller Support",Windows
534380,Dying Light 2 Stay Human: Reloaded Edition,"3 Feb, 2022",Rp 849 000,Rp 169 800,-80%,67975,78%,Mostly Positive,"mostplayed, newreleases, topsellers, upcomingreleases","Co-op, Multi-player, Online Co-op, Singleplayer","DualShock Controller Support, Dualsense Controller Support, Full Controller Support, Xbox Controller Support",Windows
3932890,Escape from Tarkov,"15 Nov, 2025",Rp 324 999,Rp 324 999,N/A,10877,60%,Mixed,"mostplayed, newreleases, topsellers, upcomingreleases","Co-op, Multi-player, Online Co-op, Online PvP, PvP",N/A,Windows
1665460,eFootball™,"29 Sep, 2021",Free,Free,N/A,28708,48%,Mixed,"mostplayed, newreleases, topsellers, upcomingreleases","Co-op, Cross-Platform Multiplayer, Multi-player, Online Co-op, Online PvP, PvP, Shared/Split Screen, Shared/Split Screen Co-op, Shared/Split Screen PvP, Singleplayer","Gamepad Preferred, Xbox Controller Support",Windows
2244210,Echoes of Aincrad,"9 Jul, 2026",Rp 799 000,Rp 799 000,N/A,N/A,N/A,N/A,"mostplayed, newreleases, topsellers, upcomingreleases",Singleplayer,"DualShock Controller Support, Dualsense Controller Support, Full Controller Support, Xbox Controller Support",Windows
1672970,Minecraft Dungeons,"22 Sep, 2021",Rp 525 000,Rp 131 250,-75%,7173,91%,Very Positive,"mostplayed, newreleases, topsellers, upcomingreleases","Co-op, Cross-Platform Multiplayer, Multi-player, Online Co-op, Shared/Split Screen, Shared/Split Screen Co-op, Singleplayer","Full Controller Support, Xbox Controller Support",Windows
2357570,Overwatch®,"10 Aug, 2023",Free,Free,N/A,159506,39%,Mostly Negative,"mostplayed, newreleases, topsellers, upcomingreleases","Co-op, Cross-Platform Multiplayer, Multi-player, Online Co-op, Online PvP, PvP","DualShock Controller Support, Dualsense Controller Support, Full Controller Support, Xbox Controller Support",Windows
1449850,Yu-Gi-Oh! Master Duel,"18 Jan, 2022",Free,Free,N/A,48224,73%,Mostly Positive,"mostplayed, newreleases, topsellers, upcomingreleases","Cross-Platform Multiplayer, Multi-player, Online PvP, PvP, Singleplayer",N/A,Windows
594650,Hunt: Showdown 1896,"27 Aug, 2019",Rp 255 000,Rp 102 000,-60%,93710,77%,Mostly Positive,"mostplayed, newreleases, topsellers, upcomingreleases","Co-op, Multi-player, Online Co-op, Online PvP, PvP","Full Controller Support, Xbox Controller Support",Windows
1313140,Cult of the Lamb,"11 Aug, 2022",Rp 149 999,Rp 74 999,-50%,58914,96%,Overwhelmingly Positive,"mostplayed, newreleases, topsellers, upcomingreleases","Co-op, Multi-player, Shared/Split Screen, Shared/Split Screen Co-op, Singleplayer","DualShock Controller Support, Full Controller Support, Gamepad Preferred, Xbox Controller Support","Windows, macOS"
2186680,"Warhammer 40,000: Rogue Trader","7 Dec, 2023",Rp 375 999,Rp 375 999,N/A,17982,86%,Very Positive,"mostplayed, newreleases, topsellers, upcomingreleases","Co-op, Cross-Platform Multiplayer, Multi-player, Online Co-op, Singleplayer","DualShock Controller Support, Dualsense Controller Support, Xbox Controller Support","Windows, macOS"
1805110,Solarpunk™,"8 Jun, 2026",Rp 197 792,Rp 197 792,N/A,1457,79%,Mostly Positive,"mostplayed, newreleases, topsellers, upcomingreleases","Co-op, Multi-player, Online Co-op, Singleplayer","Full Controller Support, Xbox Controller Support",Windows
1659040,HITMAN World of Assassination,"20 Jan, 2022",Rp 525 999,Rp 210 399,-60%,28944,87%,Very Positive,"mostplayed, newreleases, topsellers, upcomingreleases",Singleplayer,"DualShock Controller Support, Dualsense Controller Support, Full Controller Support, Xbox Controller Support","Windows, macOS"
582010,Monster Hunter: World,"9 Aug, 2018",Rp 389 000,Rp 101 140,-74%,114519,92%,Very Positive,"mostplayed, newreleases, topsellers, upcomingreleases","Co-op, Multi-player, Singleplayer",Xbox Controller Support,Windows
2958130,Jurassic World Evolution 3,"21 Oct, 2025",Rp 629 999,Rp 422 099,-33%,6033,93%,Very Positive,"mostplayed, newreleases, topsellers, upcomingreleases",Singleplayer,"Full Controller Support, Xbox Controller Support",Windows
1466860,Age of Empires IV: Anniversary Edition,"28 Oct, 2021",Rp 249 999,Rp 87 499,-65%,28170,86%,Very Positive,"mostplayed, newreleases, topsellers, upcomingreleases","Co-op, Cross-Platform Multiplayer, Multi-player, Online Co-op, Online PvP, PvP, Singleplayer","Dualsense Controller Support, Full Controller Support, Steam Input API Support, Xbox Controller Support",Windows
440,Team Fortress 2,"10 Oct, 2007",Free,Free,N/A,735790,89%,Very Positive,"mostplayed, newreleases, topsellers, upcomingreleases","Cross-Platform Multiplayer, Multi-player",Xbox Controller Support,"SteamOS + Linux, Windows"
3751950,Assassin's Creed Black Flag Resynced,"9 Jul, 2026",Rp 679 000,Rp 679 000,N/A,N/A,N/A,N/A,"mostplayed, newreleases, topsellers, upcomingreleases",Singleplayer,"DualShock Controller Support, Dualsense Controller Support, Xbox Controller Support",Windows
962130,Grounded,"27 Sep, 2022",Rp 459 000,Rp 229 500,-50%,40436,92%,Very Positive,"mostplayed, newreleases, topsellers, upcomingreleases","Co-op, Multi-player, Online Co-op, Singleplayer","Full Controller Support, Xbox Controller Support",Windows
2141730,Backrooms: Escape Together,"18 Oct, 2022",Rp 90 999,Rp 90 999,N/A,13059,89%,Very Positive,"mostplayed, newreleases, topsellers, upcomingreleases","Co-op, Multi-player, Online Co-op, Singleplayer","DualShock Controller Support, Dualsense Controller Support, Full Controller Support, Steam Input API Support, Xbox Controller Support",Windows
3276050,SpaceCraft,"11 Jun, 2026",Rp 275 999,Rp 248 399,-10%,971,71%,Mostly Positive,"mostplayed, newreleases, topsellers, upcomingreleases","Co-op, Multi-player, Online Co-op, Singleplayer",N/A,Windows
2139460,Once Human,"9 Jul, 2024",Free,Free,N/A,84419,79%,Mostly Positive,"mostplayed, newreleases, topsellers, upcomingreleases","Co-op, Multi-player, Online Co-op, Online PvP, PvP","DualShock Controller Support, Dualsense Controller Support, Full Controller Support, Xbox Controller Support",Windows
4121170,Fears to Fathom® - Scratch Creek,"10 Jun, 2026",Rp 76 999,Rp 76 999,N/A,1216,73%,Mostly Positive,"mostplayed, newreleases, topsellers, upcomingreleases","Co-op, Multi-player, Online Co-op",N/A,Windows
2537590,Microsoft Flight Simulator 2024,"19 Nov, 2024",Rp 1 040 000,Rp 780 000,-25%,11957,55%,Mixed,"mostplayed, newreleases, topsellers, upcomingreleases","Cross-Platform Multiplayer, Multi-player, Singleplayer",Xbox Controller Support,Windows
958520,33 Immortals,"10 Jun, 2026",Rp 134 098,Rp 89 845,-33%,1173,77%,Mostly Positive,"mostplayed, newreleases, topsellers, upcomingreleases","Co-op, Cross-Platform Multiplayer, Multi-player, Online Co-op, Singleplayer","Full Controller Support, Xbox Controller Support",Windows
553850,HELLDIVERS™ 2,"8 Feb, 2024",Rp 579 000,Rp 579 000,N/A,627493,80%,Very Positive,"mostplayed, newreleases, topsellers, upcomingreleases","Co-op, Multi-player, Online Co-op","DualShock Controller Support, Dualsense Controller Support, Xbox Controller Support",Windows
1371980,No Rest for the Wicked,"18 Apr, 2024",Rp 330 000,Rp 231 000,-30%,26162,87%,Very Positive,"mostplayed, newreleases, topsellers, upcomingreleases","Co-op, Multi-player, Online Co-op, Singleplayer","DualShock Controller Support, Dualsense Controller Support, Gamepad Preferred, Xbox Controller Support",Windows
1466060,Tainted Grail: The Fall of Avalon,"23 May, 2025",Rp 338 999,Rp 203 399,-40%,18091,88%,Very Positive,"mostplayed, newreleases, topsellers, upcomingreleases",Singleplayer,"DualShock Controller Support, Dualsense Controller Support, Full Controller Support, Xbox Controller Support",Windows
2807960,Battlefield™ 6,"10 Oct, 2025",Rp 799 000,Rp 799 000,N/A,145200,67%,Mixed,"mostplayed, newreleases, topsellers, upcomingreleases","Cross-Platform Multiplayer, Multi-player, Online PvP, PvP, Singleplayer","DualShock Controller Support, Dualsense Controller Support, Full Controller Support, Xbox Controller Support",Windows
813780,Age of Empires II: Definitive Edition,"14 Nov, 2019",Rp 299 500,Rp 104 825,-65%,60766,95%,Overwhelmingly Positive,"mostplayed, newreleases, topsellers, upcomingreleases","Co-op, Cross-Platform Multiplayer, LAN Co-op, LAN PvP, Multi-player, Online Co-op, Online PvP, PvP, Singleplayer",N/A,"Windows, macOS"
728880,Overcooked! 2,"7 Aug, 2018",Rp 199 999,Rp 49 999,-75%,14296,93%,Very Positive,"mostplayed, newreleases, topsellers, upcomingreleases","Co-op, Multi-player, Online Co-op, Online PvP, PvP, Shared/Split Screen, Shared/Split Screen Co-op, Shared/Split Screen PvP, Singleplayer","Full Controller Support, Xbox Controller Support","SteamOS + Linux, Windows, macOS"
1091500,Cyberpunk 2077,"9 Dec, 2020",Rp 699 999,Rp 699 999,N/A,376359,88%,Very Positive,"mostplayed, newreleases, topsellers, upcomingreleases",Singleplayer,"DualShock Controller Support, Dualsense Controller Support, Full Controller Support, Xbox Controller Support","Windows, macOS"
306130,The Elder Scrolls® Online,"22 May, 2017",Rp 266 000,Rp 266 000,N/A,73978,81%,Very Positive,"mostplayed, newreleases, topsellers, upcomingreleases","Co-op, Multi-player, Online Co-op, Online PvP, PvP",Xbox Controller Support,"Windows, macOS"
2215200,LEGO® Batman™: Legacy of the Dark Knight,"22 May, 2026",Rp 1 149 000,Rp 1 149 000,N/A,5489,95%,Overwhelmingly Positive,"mostplayed, newreleases, topsellers, upcomingreleases","Co-op, Multi-player, Shared/Split Screen, Shared/Split Screen Co-op, Singleplayer","DualShock Controller Support, Dualsense Controller Support, Full Controller Support, Gamepad Preferred, Xbox Controller Support",Windows
3041230,Windrose,"14 Apr, 2026",Rp 245 999,Rp 245 999,N/A,25884,88%,Very Positive,"mostplayed, newreleases, topsellers, upcomingreleases","Co-op, Multi-player, Online Co-op, Singleplayer","Full Controller Support, Xbox Controller Support",Windows
2344520,Diablo® IV,"27 Apr, 2026",Rp 744 000,Rp 744 000,N/A,19830,74%,Mostly Positive,"mostplayed, newreleases, topsellers, upcomingreleases","Co-op, Cross-Platform Multiplayer, Multi-player, Online Co-op, Online PvP, PvP, Singleplayer","DualShock Controller Support, Dualsense Controller Support, Full Controller Support, Xbox Controller Support",Windows
2806050,Halo: Campaign Evolved,"28 Jul, 2026",Rp 799 000,Rp 799 000,N/A,N/A,N/A,N/A,"mostplayed, newreleases, topsellers, upcomingreleases","Co-op, Multi-player, Online Co-op, Singleplayer","DualShock Controller Support, Dualsense Controller Support, Full Controller Support, Xbox Controller Support",Windows
4197610,Librarian: Tidy Up the Arcane Library!,"30 Apr, 2026",Rp 58 499,Rp 58 499,N/A,9639,94%,Very Positive,"mostplayed, newreleases, topsellers, upcomingreleases",Singleplayer,"DualShock Controller Support, Dualsense Controller Support, Full Controller Support, Xbox Controller Support",Windows
4435490,Call of Duty®: Modern Warfare® 4,"22 Oct, 2026",Rp 999 000,Rp 999 000,N/A,N/A,N/A,N/A,"mostplayed, newreleases, topsellers, upcomingreleases","Co-op, Cross-Platform Multiplayer, Multi-player, Online Co-op, Online PvP, PvP, Singleplayer","DualShock Controller Support, Dualsense Controller Support, Steam Input API Support, Xbox Controller Support",Windows
418370,Resident Evil 7 Biohazard,"23 Jan, 2017",Rp 259 000,Rp 103 600,-60%,31766,94%,Very Positive,"mostplayed, newreleases, topsellers, upcomingreleases",Singleplayer,"Full Controller Support, Xbox Controller Support",Windows
2515020,FINAL FANTASY XVI,"17 Sep, 2024",Rp 729 000,Rp 291 600,-60%,12256,79%,Mostly Positive,"mostplayed, newreleases, topsellers, upcomingreleases",Singleplayer,"DualShock Controller Support, Dualsense Controller Support, Full Controller Support, Xbox Controller Support",Windows
1627720,Lies of P,"18 Sep, 2023",Rp 870 000,Rp 435 000,-50%,26943,93%,Very Positive,"mostplayed, newreleases, topsellers, upcomingreleases",Singleplayer,"DualShock Controller Support, Dualsense Controller Support, Full Controller Support, Gamepad Preferred, Xbox Controller Support","Windows, macOS"
3551340,Football Manager 26,"4 Nov, 2025",Rp 650 000,Rp 325 000,-50%,8636,36%,Mostly Negative,"mostplayed, newreleases, topsellers, upcomingreleases","Multi-player, Singleplayer","DualShock Controller Support, Dualsense Controller Support, Full Controller Support, Xbox Controller Support","Windows, macOS"
3065800,Marathon,"5 Mar, 2026",Rp 449 999,Rp 314 999,-30%,33991,85%,Very Positive,"mostplayed, newreleases, topsellers, upcomingreleases","Cross-Platform Multiplayer, Multi-player, Online PvP, PvP","DualShock Controller Support, Dualsense Controller Support, Xbox Controller Support",Windows
1973530,Limbus Company,"26 Feb, 2023",Free,Free,N/A,46316,92%,Very Positive,"mostplayed, newreleases, topsellers, upcomingreleases",Singleplayer,N/A,Windows
3483510,The Adventures of Elliot: The Millennium Tales,"18 Jun, 2026",Rp 879 000,Rp 879 000,N/A,N/A,N/A,N/A,"mostplayed, newreleases, topsellers, upcomingreleases","Multi-player, Singleplayer","DualShock Controller Support, Dualsense Controller Support, Full Controller Support, Gamepad Preferred, Xbox Controller Support",Windows
2399420,Le Mans Ultimate,"22 Jul, 2025",Rp 599 000,Rp 401 330,-33%,6135,78%,Mostly Positive,"mostplayed, newreleases, topsellers, upcomingreleases","Multi-player, Online PvP, PvP, Singleplayer",Xbox Controller Support,Windows
255710,Cities: Skylines,"10 Mar, 2015",Rp 338 999,Rp 101 699,-70%,99766,92%,Very Positive,"mostplayed, newreleases, topsellers, upcomingreleases",Singleplayer,N/A,"SteamOS + Linux, Windows, macOS"
2507950,Delta Force,"4 Dec, 2024",Free,Free,N/A,66565,65%,Mixed,"mostplayed, newreleases, topsellers, upcomingreleases","Co-op, Cross-Platform Multiplayer, Multi-player, Online Co-op, Online PvP, PvP, Singleplayer","DualShock Controller Support, Dualsense Controller Support, Full Controller Support, Xbox Controller Support",Windows
2300320,Farming Simulator 25,"12 Nov, 2024",Rp 326 000,Rp 326 000,N/A,14235,85%,Very Positive,"mostplayed, newreleases, topsellers, upcomingreleases","Co-op, Multi-player, Online Co-op, Singleplayer","DualShock Controller Support, Dualsense Controller Support, Full Controller Support, Xbox Controller Support","Windows, macOS"
552990,World of Warships,"15 Nov, 2017",Free,Free,N/A,48856,80%,Very Positive,"mostplayed, newreleases, topsellers, upcomingreleases","Co-op, Multi-player, Online Co-op, Online PvP, PvP",N/A,Windows
438100,VRChat,"1 Feb, 2017",Free,Free,N/A,174582,71%,Mostly Positive,"mostplayed, newreleases, topsellers, upcomingreleases","Co-op, Cross-Platform Multiplayer, Multi-player, Online Co-op, Online PvP, PvP","DualShock Controller Support, Dualsense Controller Support, Full Controller Support, Xbox Controller Support",Windows
2138720,REMATCH,"19 Jun, 2025",Rp 245 999,Rp 122 999,-50%,15883,70%,Mostly Positive,"mostplayed, newreleases, topsellers, upcomingreleases","Co-op, Cross-Platform Multiplayer, Multi-player, Online Co-op","DualShock Controller Support, Dualsense Controller Support, Full Controller Support, Gamepad Preferred, Xbox Controller Support",Windows
2114740,Blasphemous 2,"24 Aug, 2023",Rp 349 999,Rp 87 499,-75%,5271,90%,Very Positive,"mostplayed, newreleases, topsellers, upcomingreleases",Singleplayer,"DualShock Controller Support, Dualsense Controller Support, Full Controller Support, Gamepad Preferred, Xbox Controller Support",Windows
392160,X4: Foundations,"30 Nov, 2018",Rp 375 999,Rp 75 199,-80%,13266,78%,Mostly Positive,"mostplayed, newreleases, topsellers, upcomingreleases",Singleplayer,"DualShock Controller Support, Dualsense Controller Support, Full Controller Support, Xbox Controller Support","SteamOS + Linux, Windows"
1167630,Teardown,"21 Apr, 2022",Rp 289 000,Rp 144 500,-50%,74309,95%,Overwhelmingly Positive,"mostplayed, newreleases, topsellers, upcomingreleases","Co-op, Multi-player, Online Co-op, Online PvP, PvP, Singleplayer","Full Controller Support, Xbox Controller Support",Windows
1446780,MONSTER HUNTER RISE,"12 Jan, 2022",Rp 519 000,Rp 103 800,-80%,33875,87%,Very Positive,"mostplayed, newreleases, topsellers, upcomingreleases","Co-op, Multi-player, Online Co-op, Singleplayer","Full Controller Support, Xbox Controller Support",Windows
812140,Assassin's Creed® Odyssey,"5 Oct, 2018",Rp 619 000,Rp 123 800,-80%,58456,89%,Very Positive,"mostplayed, newreleases, topsellers, upcomingreleases",Singleplayer,Xbox Controller Support,Windows
1623730,Palworld,"18 Jan, 2024",Rp 245 999,Rp 245 999,N/A,151734,95%,Overwhelmingly Positive,"mostplayed, newreleases, topsellers, upcomingreleases","Co-op, Cross-Platform Multiplayer, Multi-player, Online Co-op, Singleplayer","DualShock Controller Support, Dualsense Controller Support, Full Controller Support, Xbox Controller Support",Windows
3678970,TBH: Task Bar Hero,"27 May, 2026",Free,Free,N/A,3699,48%,Mixed,"mostplayed, newreleases, topsellers, upcomingreleases",Singleplayer,N/A,Windows
2592160,Dispatch,"22 Oct, 2025",Rp 230 000,Rp 184 000,-20%,104465,97%,Overwhelmingly Positive,"mostplayed, newreleases, topsellers, upcomingreleases",Singleplayer,"Full Controller Support, Xbox Controller Support",Windows
413150,Stardew Valley,"26 Feb, 2016",Rp 115 999,Rp 115 999,N/A,387682,98%,Overwhelmingly Positive,"mostplayed, newreleases, topsellers, upcomingreleases","Co-op, LAN Co-op, Multi-player, Online Co-op, Shared/Split Screen, Shared/Split Screen Co-op, Singleplayer","Full Controller Support, Xbox Controller Support","SteamOS + Linux, Windows, macOS"
227300,Euro Truck Simulator 2,"12 Oct, 2012",Rp 175 999,Rp 175 999,N/A,141952,97%,Overwhelmingly Positive,"mostplayed, newreleases, topsellers, upcomingreleases","Co-op, Multi-player, Online Co-op, Singleplayer","Steam Input API Support, Xbox Controller Support","SteamOS + Linux, Windows, macOS"
1222670,The Sims™ 4,"18 Jun, 2020",Free,Free,N/A,104464,86%,Very Positive,"mostplayed, newreleases, topsellers, upcomingreleases",Singleplayer,N/A,Windows
2073620,Arena Breakout: Infinite,"15 Sep, 2025",Free,Free,N/A,25943,75%,Mostly Positive,"mostplayed, newreleases, topsellers, upcomingreleases","Co-op, Multi-player, Online Co-op, Online PvP, PvP",N/A,Windows
2668510,Red Dead Redemption,"29 Oct, 2024",Rp 729 000,Rp 364 500,-50%,10817,92%,Very Positive,"mostplayed, newreleases, topsellers, upcomingreleases",Singleplayer,"Full Controller Support, Xbox Controller Support",Windows
266410,iRacing,"12 Jan, 2015",Rp 90 999,Rp 90 999,N/A,3054,81%,Very Positive,"mostplayed, newreleases, topsellers, upcomingreleases","Multi-player, Online PvP, PvP, Singleplayer",Xbox Controller Support,Windows
1151340,Fallout 76,"14 Apr, 2020",Rp 532 000,Rp 532 000,N/A,45940,75%,Mostly Positive,"mostplayed, newreleases, topsellers, upcomingreleases","Co-op, Multi-player, Online Co-op, Online PvP, PvP",Xbox Controller Support,Windows
1649240,Returnal™,"15 Feb, 2023",Rp 879 000,Rp 290 070,-67%,4642,80%,Very Positive,"mostplayed, newreleases, topsellers, upcomingreleases","Co-op, Multi-player, Online Co-op, Singleplayer","DualShock Controller Support, Dualsense Controller Support, Full Controller Support, Gamepad Preferred, Xbox Controller Support",Windows
2186990,Fatekeeper,"2 Jun, 2026",Rp 138 999,Rp 111 199,-20%,5016,78%,Mostly Positive,"mostplayed, newreleases, topsellers, upcomingreleases",Singleplayer,N/A,Windows
2445690,Lost Castle 2,"10 Jun, 2026",Rp 152 999,Rp 107 099,-30%,956,90%,Very Positive,"mostplayed, newreleases, topsellers, upcomingreleases","Co-op, LAN Co-op, Multi-player, Online Co-op, Shared/Split Screen, Shared/Split Screen Co-op, Singleplayer","DualShock Controller Support, Dualsense Controller Support, Gamepad Preferred, Xbox Controller Support",Windows
1284210,Guild Wars 2®,"23 Aug, 2022",Free,Free,N/A,18067,88%,Very Positive,"mostplayed, newreleases, topsellers, upcomingreleases","Co-op, Multi-player, Online Co-op, Online PvP, PvP",N/A,Windows
294100,RimWorld,"17 Oct, 2018",Rp 284 999,Rp 284 999,N/A,117245,97%,Overwhelmingly Positive,"mostplayed, newreleases, topsellers, upcomingreleases",Singleplayer,Xbox Controller Support,"SteamOS + Linux, Windows, macOS"
3164500,Schedule I,"24 Mar, 2025",Rp 165 999,Rp 165 999,N/A,192769,97%,Overwhelmingly Positive,"mostplayed, newreleases, topsellers, upcomingreleases","Co-op, Multi-player, Online Co-op, Singleplayer",N/A,Windows
1465360,SnowRunner,"17 May, 2021",Rp 259 000,Rp 103 600,-60%,18346,89%,Very Positive,"mostplayed, newreleases, topsellers, upcomingreleases","Co-op, Multi-player, Online Co-op, Singleplayer","Full Controller Support, Xbox Controller Support","Windows, macOS"
3527290,PEAK,"16 Jun, 2025",Rp 69 999,Rp 69 999,N/A,129830,95%,Overwhelmingly Positive,"mostplayed, newreleases, topsellers, upcomingreleases","Co-op, Multi-player, Online Co-op, Singleplayer","DualShock Controller Support, Dualsense Controller Support, Full Controller Support, Xbox Controller Support",Windows
883710,Resident Evil 2,"24 Jan, 2019",Rp 519 000,Rp 103 800,-80%,56413,96%,Overwhelmingly Positive,"mostplayed, newreleases, topsellers, upcomingreleases",Singleplayer,"Full Controller Support, Xbox Controller Support",Windows
244210,Assetto Corsa,"19 Dec, 2014",Rp 165 999,Rp 41 499,-75%,59065,93%,Very Positive,"mostplayed, newreleases, topsellers, upcomingreleases","Multi-player, Online PvP, PvP, Singleplayer",Xbox Controller Support,Windows
582660,Black Desert,"5 Sep, 2023",Rp 48 999,Rp 14 699,-70%,35634,72%,Mostly Positive,"mostplayed, newreleases, topsellers, upcomingreleases","Co-op, Multi-player, Online Co-op, Online PvP, PvP",Xbox Controller Support,Windows
4148930,F1® 25: 2026 Season Pack,"3 Jun, 2026",Rp 289 000,Rp 289 000,N/A,448,48%,Mixed,"mostplayed, newreleases, topsellers, upcomingreleases","Co-op, Cross-Platform Multiplayer, LAN Co-op, LAN PvP, Multi-player, Online Co-op, Online PvP, PvP, Shared/Split Screen, Shared/Split Screen PvP, Singleplayer","DualShock Controller Support, Dualsense Controller Support, Full Controller Support, Xbox Controller Support",Windows
1174180,Red Dead Redemption 2,"5 Dec, 2019",Rp 755 760,Rp 584 445,-23%,301021,91%,Very Positive,"mostplayed, newreleases, topsellers, upcomingreleases","Co-op, Multi-player, Online Co-op, Online PvP, PvP, Singleplayer",Xbox Controller Support,Windows
2399830,ARK: Survival Ascended,"25 Oct, 2023",Rp 715 000,Rp 715 000,N/A,55112,60%,Mixed,"mostplayed, newreleases, topsellers, upcomingreleases","Co-op, Cross-Platform Multiplayer, LAN Co-op, LAN PvP, Multi-player, Online Co-op, Online PvP, PvP, Shared/Split Screen, Shared/Split Screen Co-op, Singleplayer","Full Controller Support, Xbox Controller Support",Windows
1671210,DELTARUNE,"4 Jun, 2025",Rp 206 999,Rp 206 999,N/A,61104,98%,Overwhelmingly Positive,"mostplayed, newreleases, topsellers, upcomingreleases",Singleplayer,"DualShock Controller Support, Dualsense Controller Support, Full Controller Support, Xbox Controller Support","Windows, macOS"
1808500,ARC Raiders,"30 Oct, 2025",Rp 479 000,Rp 479 000,N/A,193523,83%,Very Positive,"mostplayed, newreleases, topsellers, upcomingreleases","Co-op, Cross-Platform Multiplayer, Multi-player, Online Co-op, Online PvP, PvP","DualShock Controller Support, Dualsense Controller Support, Full Controller Support, Xbox Controller Support",Windows
4128580,BidKing,"15 Apr, 2026",Rp 49 999,Rp 49 999,N/A,20765,35%,Mostly Negative,"mostplayed, newreleases, topsellers, upcomingreleases","Multi-player, Online PvP, PvP",N/A,Windows
1244090,Sea of Stars: Sunset Edition,"28 Aug, 2023",Rp 284 999,Rp 142 499,-50%,6360,89%,Very Positive,"mostplayed, newreleases, topsellers, upcomingreleases","Co-op, Multi-player, Shared/Split Screen, Shared/Split Screen Co-op, Singleplayer","DualShock Controller Support, Dualsense Controller Support, Full Controller Support, Gamepad Preferred, Xbox Controller Support",Windows
949230,Cities: Skylines II,"24 Oct, 2023",Rp 563 999,Rp 563 999,N/A,33381,56%,Mixed,"mostplayed, newreleases, topsellers, upcomingreleases",Singleplayer,"Full Controller Support, Xbox Controller Support",Windows
1158310,Crusader Kings III,"1 Sep, 2020",Rp 563 999,Rp 563 999,N/A,49171,90%,Very Positive,"mostplayed, newreleases, topsellers, upcomingreleases","Multi-player, Online PvP, PvP, Singleplayer",N/A,"SteamOS + Linux, Windows, macOS"
1144200,Ready or Not,"13 Dec, 2023",Rp 255 999,Rp 255 999,N/A,146937,76%,Mostly Positive,"mostplayed, newreleases, topsellers, upcomingreleases","Co-op, Multi-player, Online Co-op, Singleplayer","DualShock Controller Support, Dualsense Controller Support, Full Controller Support, Xbox Controller Support",Windows
1286830,STAR WARS™: The Old Republic™,"21 Jul, 2020",Free,Free,N/A,52010,90%,Very Positive,"mostplayed, newreleases, topsellers, upcomingreleases","Co-op, Multi-player, PvP",N/A,Windows
1049590,Eternal Return,"19 Jul, 2023",Free,Free,N/A,12499,80%,Very Positive,"mostplayed, newreleases, topsellers, upcomingreleases","Online PvP, PvP",N/A,Windows
427520,Factorio,"14 Aug, 2020",Rp 300 000,Rp 300 000,N/A,115798,98%,Overwhelmingly Positive,"mostplayed, newreleases, topsellers, upcomingreleases","Co-op, Cross-Platform Multiplayer, LAN Co-op, Multi-player, Online Co-op, Singleplayer","DualShock Controller Support, Dualsense Controller Support, Xbox Controller Support","SteamOS + Linux, Windows, macOS"
2183900,"Warhammer 40,000: Space Marine 2","9 Sep, 2024",Rp 549 000,Rp 549 000,N/A,92612,86%,Very Positive,"mostplayed, newreleases, topsellers, upcomingreleases","Co-op, Cross-Platform Multiplayer, Multi-player, Online Co-op, Online PvP, PvP, Singleplayer","DualShock Controller Support, Dualsense Controller Support, Full Controller Support, Xbox Controller Support",Windows
530611,End of Zoe,"11 Dec, 2017",Rp 199 000,Rp 49 750,-75%,1301,87%,Very Positive,"mostplayed, newreleases, topsellers, upcomingreleases",Singleplayer,"Full Controller Support, Xbox Controller Support",Windows
1812450,Bellwright,"23 Apr, 2024",Rp 245 999,Rp 162 359,-34%,9630,79%,Mostly Positive,"mostplayed, newreleases, topsellers, upcomingreleases","Co-op, Multi-player, Online Co-op, Singleplayer",Xbox Controller Support,Windows
2764370,Starward,"24 Apr, 2024",Free,Free,N/A,917,76%,Mostly Positive,"mostplayed, newreleases, topsellers, upcomingreleases","Cross-Platform Multiplayer, Multi-player, Online PvP, PvP, Singleplayer","Full Controller Support, Xbox Controller Support",Windows
2336880,Destiny 2: The Final Shape,"4 Jun, 2024",Rp 349 999,Rp 34 999,-90%,4338,79%,Mostly Positive,"mostplayed, newreleases, topsellers, upcomingreleases","Co-op, Multi-player, Online Co-op, Online PvP, PvP, Singleplayer","Full Controller Support, Xbox Controller Support",Windows
4310080,Oxygen Not Included: The Aquatic Planet Pack,"11 Jun, 2026",Rp 48 499,Rp 48 499,N/A,168,89%,Very Positive,"mostplayed, newreleases, topsellers, upcomingreleases",Singleplayer,N/A,"SteamOS + Linux, Windows, macOS"
648800,Raft,"20 Jun, 2022",Rp 174 999,Rp 174 999,N/A,128788,93%,Very Positive,"mostplayed, newreleases, topsellers, upcomingreleases","Co-op, Multi-player, Online Co-op, Singleplayer",N/A,Windows
529340,Victoria 3,"25 Oct, 2022",Rp 563 999,Rp 169 199,-70%,20356,70%,Mostly Positive,"mostplayed, newreleases, topsellers, upcomingreleases","Cross-Platform Multiplayer, Multi-player, Online PvP, PvP, Singleplayer",N/A,"SteamOS + Linux, Windows, macOS"
1934680,Age of Mythology: Retold,"4 Sep, 2024",Rp 424 500,Rp 212 250,-50%,10090,90%,Very Positive,"mostplayed, newreleases, topsellers, upcomingreleases","Co-op, Cross-Platform Multiplayer, Multi-player, Online Co-op, Online PvP, PvP, Singleplayer",Xbox Controller Support,Windows
284160,BeamNG.drive,"29 May, 2015",Rp 206 999,Rp 206 999,N/A,200950,97%,Overwhelmingly Positive,"mostplayed, newreleases, topsellers, upcomingreleases",Singleplayer,"DualShock Controller Support, Dualsense Controller Support, Xbox Controller Support",Windows
739630,Phasmophobia,"18 Sep, 2020",Rp 169 000,Rp 169 000,N/A,356318,94%,Very Positive,"mostplayed, newreleases, topsellers, upcomingreleases","Co-op, Multi-player, Online Co-op, Singleplayer","DualShock Controller Support, Dualsense Controller Support, Full Controller Support, Xbox Controller Support",Windows
1562430,DREDGE,"30 Mar, 2023",Rp 206 999,Rp 82 799,-60%,31340,96%,Overwhelmingly Positive,"mostplayed, newreleases, topsellers, upcomingreleases",Singleplayer,"Full Controller Support, Xbox Controller Support","Windows, macOS"
2073850,THE FINALS,"7 Dec, 2023",Free,Free,N/A,153146,80%,Very Positive,"mostplayed, newreleases, topsellers, upcomingreleases","Co-op, Cross-Platform Multiplayer, Multi-player, Online Co-op, Online PvP, PvP","DualShock Controller Support, Dualsense Controller Support, Full Controller Support, Xbox Controller Support",Windows
1196590,Resident Evil Village,"7 May, 2021",Rp 519 000,Rp 129 750,-75%,45627,95%,Overwhelmingly Positive,"mostplayed, newreleases, topsellers, upcomingreleases",Singleplayer,"Full Controller Support, Xbox Controller Support",Windows
1203220,NARAKA: BLADEPOINT,"11 Aug, 2021",Free,Free,N/A,23519,81%,Very Positive,"mostplayed, newreleases, topsellers, upcomingreleases","Multi-player, Online PvP, PvP",Xbox Controller Support,Windows
3679080,The Seven Deadly Sins: Origin,"16 Mar, 2026",Free,Free,N/A,4026,58%,Mixed,"mostplayed, newreleases, topsellers, upcomingreleases","Co-op, Cross-Platform Multiplayer, Multi-player, Online Co-op, Singleplayer","Dualsense Controller Support, Full Controller Support, Xbox Controller Support",Windows
2622380,ELDEN RING NIGHTREIGN,"29 May, 2025",Rp 399 000,Rp 399 000,N/A,73336,87%,Very Positive,"mostplayed, newreleases, topsellers, upcomingreleases","Co-op, Multi-player, Online Co-op, Singleplayer","DualShock Controller Support, Dualsense Controller Support, Full Controller Support, Gamepad Preferred, Steam Input API Support, Xbox Controller Support",Windows
1984270,Digimon Story Time Stranger,"2 Oct, 2025",Rp 999 000,Rp 599 400,-40%,7738,93%,Very Positive,"mostplayed, newreleases, topsellers, upcomingreleases",Singleplayer,"DualShock Controller Support, Dualsense Controller Support, Full Controller Support, Gamepad Preferred, Xbox Controller Support",Windows
3124540,Far Far West,"28 Apr, 2026",Rp 136 999,Rp 136 999,N/A,18067,96%,Overwhelmingly Positive,"mostplayed, newreleases, topsellers, upcomingreleases","Co-op, Multi-player, Online Co-op, Singleplayer",Xbox Controller Support,Windows
1361210,"Warhammer 40,000: Darktide","30 Nov, 2022",Rp 439 999,Rp 439 999,N/A,72136,75%,Mostly Positive,"mostplayed, newreleases, topsellers, upcomingreleases","Co-op, Cross-Platform Multiplayer, Multi-player, Online Co-op",Xbox Controller Support,Windows
219740,Don't Starve,"23 Apr, 2013",Rp 69 999,Rp 17 499,-75%,32928,96%,Overwhelmingly Positive,"mostplayed, newreleases, topsellers, upcomingreleases",Singleplayer,"Full Controller Support, Xbox Controller Support","SteamOS + Linux, Windows, macOS"
1962663,Call of Duty®: Warzone™,"16 Nov, 2022",Free,Free,N/A,21053,28%,Mostly Negative,"mostplayed, newreleases, topsellers, upcomingreleases","Co-op, Cross-Platform Multiplayer, Multi-player, Online Co-op, Online PvP, PvP, Singleplayer","Full Controller Support, Xbox Controller Support",Windows
3357650,PRAGMATA,"16 Apr, 2026",Rp 779 000,Rp 779 000,N/A,14368,97%,Overwhelmingly Positive,"mostplayed, newreleases, topsellers, upcomingreleases",Singleplayer,"DualShock Controller Support, Dualsense Controller Support, Full Controller Support, Gamepad Preferred, Xbox Controller Support",Windows
3796290,Theater Pack - Hearts of Iron IV: Thunder at our Gates,"11 Jun, 2026",Rp 225 999,Rp 225 999,N/A,472,34%,Mostly Negative,"mostplayed, newreleases, topsellers, upcomingreleases","Co-op, Cross-Platform Multiplayer, Multi-player, Singleplayer",N/A,"SteamOS + Linux, Windows, macOS"
108600,Project Zomboid,"8 Nov, 2013",Rp 165 999,Rp 165 999,N/A,149558,94%,Very Positive,"mostplayed, newreleases, topsellers, upcomingreleases","Co-op, Cross-Platform Multiplayer, Multi-player, Online Co-op, Online PvP, PvP, Shared/Split Screen, Shared/Split Screen Co-op, Singleplayer",Xbox Controller Support,"SteamOS + Linux, Windows, macOS"
3404260,Dead as Disco,"5 May, 2026",Rp 214 999,Rp 214 999,N/A,5576,97%,Overwhelmingly Positive,"mostplayed, newreleases, topsellers, upcomingreleases",Singleplayer,"DualShock Controller Support, Dualsense Controller Support, Full Controller Support, Xbox Controller Support",Windows
2288340,ACE COMBAT 8: WINGS OF THEVE,"1 Oct, 2026",Rp 899 000,Rp 899 000,N/A,N/A,N/A,N/A,"mostplayed, newreleases, topsellers, upcomingreleases","Co-op, Cross-Platform Multiplayer, Multi-player, Online Co-op, Online PvP, PvP, Singleplayer","Dualsense Controller Support, Xbox Controller Support",Windows
2138710,Sifu,"28 Mar, 2023",Rp 229 999,Rp 57 499,-75%,7732,92%,Very Positive,"mostplayed, newreleases, topsellers, upcomingreleases",Singleplayer,"DualShock Controller Support, Dualsense Controller Support, Full Controller Support, Xbox Controller Support",Windows
1118010,Monster Hunter World: Iceborne,"9 Jan, 2020",Rp 519 000,Rp 77 850,-85%,5754,79%,Mostly Positive,"mostplayed, newreleases, topsellers, upcomingreleases","Co-op, Multi-player, Singleplayer",Xbox Controller Support,Windows
440900,Conan Exiles Enhanced,"8 May, 2018",Rp 249 999,Rp 249 999,N/A,39033,79%,Mostly Positive,"mostplayed, newreleases, topsellers, upcomingreleases","Co-op, Multi-player, Online Co-op, Online PvP, PvP, Singleplayer","Full Controller Support, Xbox Controller Support",Windows
3100310,Arms of God,"8 Jun, 2026",Rp 145 803,Rp 88 337,-39%,855,89%,Very Positive,"mostplayed, newreleases, topsellers, upcomingreleases",Singleplayer,"Full Controller Support, Xbox Controller Support",Windows
1326470,Sons Of The Forest,"22 Feb, 2024",Rp 245 999,Rp 245 999,N/A,114891,88%,Very Positive,"mostplayed, newreleases, topsellers, upcomingreleases","Co-op, Multi-player, Online Co-op, Singleplayer","DualShock Controller Support, Dualsense Controller Support, Full Controller Support, Xbox Controller Support",Windows
4025700,Heartopia,"16 Jan, 2026",Free,Free,N/A,7304,58%,Mixed,"mostplayed, newreleases, topsellers, upcomingreleases","Cross-Platform Multiplayer, Multi-player, Singleplayer",N/A,Windows
4000,Garry's Mod,"29 Nov, 2006",Rp 89 999,Rp 44 999,-50%,529946,97%,Overwhelmingly Positive,"mostplayed, newreleases, topsellers, upcomingreleases","Co-op, Cross-Platform Multiplayer, LAN Co-op, LAN PvP, Multi-player, Online Co-op, Online PvP, PvP, Singleplayer",N/A,"SteamOS + Linux, Windows, macOS"
2661300,Grounded 2,"29 Jul, 2025",Rp 374 000,Rp 374 000,N/A,11404,85%,Very Positive,"mostplayed, newreleases, topsellers, upcomingreleases","Co-op, Multi-player, Online Co-op, Singleplayer","Full Controller Support, Steam Input API Support, Xbox Controller Support",Windows
1874880,Arma Reforger,"16 Nov, 2023",Rp 499 999,Rp 499 999,N/A,29183,78%,Mostly Positive,"mostplayed, newreleases, topsellers, upcomingreleases","Co-op, Cross-Platform Multiplayer, Multi-player, Online Co-op, Online PvP, PvP, Singleplayer","Full Controller Support, Xbox Controller Support",Windows
380600,Fishing Planet,"28 Aug, 2017",Free,Free,N/A,28391,84%,Very Positive,"mostplayed, newreleases, topsellers, upcomingreleases","Co-op, Multi-player, Online Co-op, Online PvP, PvP, Singleplayer","DualShock Controller Support, Dualsense Controller Support, Full Controller Support, Xbox Controller Support","SteamOS + Linux, Windows, macOS"
588650,Dead Cells,"6 Aug, 2018",Rp 149 999,Rp 74 999,-50%,43796,96%,Overwhelmingly Positive,"mostplayed, newreleases, topsellers, upcomingreleases",Singleplayer,"Full Controller Support, Xbox Controller Support","SteamOS + Linux, Windows, macOS"
2208920,Assassin's Creed Valhalla,"6 Dec, 2022",Rp 619 000,Rp 154 750,-75%,14578,68%,Mixed,"mostplayed, newreleases, topsellers, upcomingreleases",Singleplayer,"DualShock Controller Support, Dualsense Controller Support, Xbox Controller Support",Windows
270880,American Truck Simulator,"2 Feb, 2016",Rp 175 999,Rp 175 999,N/A,92803,97%,Overwhelmingly Positive,"mostplayed, newreleases, topsellers, upcomingreleases","Co-op, Multi-player, Online Co-op, Singleplayer","Steam Input API Support, Xbox Controller Support","SteamOS + Linux, Windows, macOS"
261550,Mount & Blade II: Bannerlord,"25 Oct, 2022",Rp 678 800,Rp 523 060,-23%,97125,87%,Very Positive,"mostplayed, newreleases, topsellers, upcomingreleases","Multi-player, Online PvP, PvP, Singleplayer",Xbox Controller Support,Windows
1142710,Total War: WARHAMMER III,"16 Feb, 2022",Rp 648 999,Rp 648 999,N/A,54732,70%,Mostly Positive,"mostplayed, newreleases, topsellers, upcomingreleases","Co-op, LAN Co-op, LAN PvP, Multi-player, Online Co-op, Online PvP, PvP, Singleplayer",N/A,"SteamOS + Linux, Windows, macOS"
2358720,Black Myth: Wukong,"19 Aug, 2024",Rp 699 999,Rp 699 999,N/A,69393,93%,Very Positive,"mostplayed, newreleases, topsellers, upcomingreleases",Singleplayer,"Dualsense Controller Support, Full Controller Support, Gamepad Preferred, Xbox Controller Support",Windows
3274580,Anno 117: Pax Romana,"12 Nov, 2025",Rp 679 000,Rp 509 250,-25%,5114,65%,Mixed,"mostplayed, newreleases, topsellers, upcomingreleases","Co-op, Multi-player, Online Co-op, Online PvP, PvP, Singleplayer","Full Controller Support, Xbox Controller Support",Windows
250900,The Binding of Isaac: Rebirth,"4 Nov, 2014",Rp 95 999,Rp 95 999,N/A,145663,97%,Overwhelmingly Positive,"mostplayed, newreleases, topsellers, upcomingreleases","Multi-player, Shared/Split Screen, Singleplayer","Full Controller Support, Xbox Controller Support","SteamOS + Linux, Windows, macOS"
4584110,Soul Land: Awakening World,"1 Jun, 2026",Free,Free,N/A,207,50%,Mixed,"mostplayed, newreleases, topsellers, upcomingreleases",Multi-player,N/A,Windows
3489700,Stellar Blade™,"11 Jun, 2025",Rp 879 000,Rp 879 000,N/A,16154,95%,Overwhelmingly Positive,"mostplayed, newreleases, topsellers, upcomingreleases",Singleplayer,"DualShock Controller Support, Dualsense Controller Support, Full Controller Support, Steam Input API Support, Xbox Controller Support",Windows
686810,Hell Let Loose,"27 Jul, 2021",Rp 399 999,Rp 99 999,-75%,61948,83%,Very Positive,"mostplayed, newreleases, topsellers, upcomingreleases","Multi-player, Online PvP, PvP",Xbox Controller Support,Windows
1004640,FINAL FANTASY TACTICS - The Ivalice Chronicles,"30 Sep, 2025",Rp 729 000,Rp 510 300,-30%,4008,91%,Very Positive,"mostplayed, newreleases, topsellers, upcomingreleases",Singleplayer,"Full Controller Support, Gamepad Preferred, Xbox Controller Support",Windows
1501750,Lords of the Fallen,"13 Oct, 2023",Rp 449 000,Rp 148 170,-67%,20221,73%,Mostly Positive,"mostplayed, newreleases, topsellers, upcomingreleases","Co-op, Cross-Platform Multiplayer, Multi-player, Online Co-op, Online PvP, PvP, Singleplayer","DualShock Controller Support, Dualsense Controller Support, Full Controller Support, Xbox Controller Support",Windows
105600,Terraria,"16 May, 2011",Rp 90 999,Rp 90 999,N/A,593522,97%,Overwhelmingly Positive,"mostplayed, newreleases, topsellers, upcomingreleases","Co-op, Multi-player, Online Co-op, Online PvP, PvP, Singleplayer","Full Controller Support, Xbox Controller Support","SteamOS + Linux, Windows, macOS"
1608070,CRISIS CORE –FINAL FANTASY VII– REUNION,"13 Dec, 2022",Rp 649 000,Rp 227 150,-65%,3515,89%,Very Positive,"mostplayed, newreleases, topsellers, upcomingreleases",Singleplayer,"Full Controller Support, Xbox Controller Support",Windows
3840050,Cult of the Lamb: Woolhaven,"22 Jan, 2026",Rp 145 999,Rp 116 799,-20%,1114,93%,Very Positive,"mostplayed, newreleases, topsellers, upcomingreleases","Co-op, Multi-player, Shared/Split Screen, Shared/Split Screen Co-op, Singleplayer","DualShock Controller Support, Full Controller Support, Gamepad Preferred, Steam Input API Support, Xbox Controller Support","Windows, macOS"
1875580,Mina the Hollower,"28 May, 2026",Rp 174 999,Rp 174 999,N/A,3970,89%,Very Positive,"mostplayed, newreleases, topsellers, upcomingreleases",Singleplayer,"DualShock Controller Support, Dualsense Controller Support, Full Controller Support, Xbox Controller Support","SteamOS + Linux, Windows, macOS"
1129580,Medieval Dynasty,"23 Sep, 2021",Rp 249 999,Rp 124 999,-50%,18903,89%,Very Positive,"mostplayed, newreleases, topsellers, upcomingreleases","Co-op, Multi-player, Online Co-op, Singleplayer","Full Controller Support, Xbox Controller Support",Windows
1401590,Disney Dreamlight Valley,"5 Dec, 2023",Rp 525 000,Rp 367 500,-30%,15330,91%,Very Positive,"mostplayed, newreleases, topsellers, upcomingreleases","Multi-player, Singleplayer","DualShock Controller Support, Dualsense Controller Support, Full Controller Support, Xbox Controller Support",Windows
3219180,Cursemark,"8 Jun, 2026",Rp 172 348,Rp 110 901,-36%,228,83%,Very Positive,"mostplayed, newreleases, topsellers, upcomingreleases",Singleplayer,"DualShock Controller Support, Dualsense Controller Support, Full Controller Support, Xbox Controller Support",Windows
1217060,Gunfire Reborn,"17 Nov, 2021",Rp 162 999,Rp 89 649,-45%,36503,96%,Overwhelmingly Positive,"mostplayed, newreleases, topsellers, upcomingreleases","Co-op, Multi-player, Online Co-op, Singleplayer","DualShock Controller Support, Dualsense Controller Support, Full Controller Support, Xbox Controller Support",Windows
489830,The Elder Scrolls V: Skyrim Special Edition,"27 Oct, 2016",Rp 329 999,Rp 329 999,N/A,127297,94%,Very Positive,"mostplayed, newreleases, topsellers, upcomingreleases",Singleplayer,Xbox Controller Support,Windows
1190970,House Flipper 2,"14 Dec, 2023",Rp 299 999,Rp 299 999,N/A,9063,86%,Very Positive,"mostplayed, newreleases, topsellers, upcomingreleases","Co-op, Cross-Platform Multiplayer, LAN Co-op, Multi-player, Online Co-op, Singleplayer","DualShock Controller Support, Dualsense Controller Support, Full Controller Support, Xbox Controller Support",Windows
1407200,World of Tanks,"28 Apr, 2021",Free,Free,N/A,24790,73%,Mostly Positive,"mostplayed, newreleases, topsellers, upcomingreleases","Multi-player, Online PvP, PvP",N/A,Windows
2778580,ELDEN RING Shadow of the Erdtree,"20 Jun, 2024",Rp 599 000,Rp 599 000,N/A,41175,85%,Very Positive,"mostplayed, newreleases, topsellers, upcomingreleases","Co-op, Multi-player, Online Co-op, Online PvP, PvP, Singleplayer","Full Controller Support, Xbox Controller Support",Windows
2456740,inZOI,"27 Mar, 2025",Rp 449 000,Rp 449 000,N/A,13389,79%,Mostly Positive,"mostplayed, newreleases, topsellers, upcomingreleases",Singleplayer,Xbox Controller Support,"Windows, macOS"
3606480,Call of Duty®: Black Ops 7,"13 Nov, 2025",Rp 999 000,Rp 999 000,N/A,2228,36%,Mostly Negative,"mostplayed, newreleases, topsellers, upcomingreleases","Co-op, Cross-Platform Multiplayer, Multi-player, Online Co-op, Online PvP, PvP, Singleplayer","DualShock Controller Support, Dualsense Controller Support, Steam Input API Support, Xbox Controller Support",Windows
3949040,RV There Yet?,"21 Oct, 2025",Rp 74 000,Rp 74 000,N/A,28961,89%,Very Positive,"mostplayed, newreleases, topsellers, upcomingreleases","Co-op, Multi-player, Online Co-op, Singleplayer","Full Controller Support, Steam Input API Support, Xbox Controller Support",Windows
2322010,God of War Ragnarök,"19 Sep, 2024",Rp 879 000,Rp 879 000,N/A,15123,89%,Very Positive,"mostplayed, newreleases, topsellers, upcomingreleases",Singleplayer,"DualShock Controller Support, Dualsense Controller Support, Full Controller Support, Steam Input API Support, Xbox Controller Support",Windows
2138330,Cyberpunk 2077: Phantom Liberty,"25 Sep, 2023",Rp 349 999,Rp 349 999,N/A,10575,91%,Very Positive,"mostplayed, newreleases, topsellers, upcomingreleases",Singleplayer,"DualShock Controller Support, Dualsense Controller Support, Full Controller Support, Xbox Controller Support","Windows, macOS"
1250410,Microsoft Flight Simulator (2020) 40th Anniversary Edition,"17 Aug, 2020",Rp 790 000,Rp 276 500,-65%,43768,78%,Mostly Positive,"mostplayed, newreleases, topsellers, upcomingreleases","Multi-player, Singleplayer","Full Controller Support, Xbox Controller Support",Windows
1284190,The Planet Crafter,"10 Apr, 2024",Rp 206 999,Rp 124 199,-40%,35973,95%,Overwhelmingly Positive,"mostplayed, newreleases, topsellers, upcomingreleases","Co-op, Multi-player, Online Co-op, Singleplayer","DualShock Controller Support, Dualsense Controller Support, Full Controller Support, Xbox Controller Support",Windows
376210,The Isle,"1 Dec, 2015",Rp 165 999,Rp 165 999,N/A,58368,77%,Mostly Positive,"mostplayed, newreleases, topsellers, upcomingreleases","Multi-player, Online PvP, PvP",Xbox Controller Support,Windows
1374490,RuneScape: Dragonwilds,"15 Apr, 2025",Rp 319 999,Rp 319 999,N/A,19883,81%,Very Positive,"mostplayed, newreleases, topsellers, upcomingreleases","Co-op, Multi-player, Online Co-op, Singleplayer",Xbox Controller Support,Windows
2369390,Far Cry® 6,"11 May, 2023",Rp 619 000,Rp 154 750,-75%,12589,67%,Mixed,"mostplayed, newreleases, topsellers, upcomingreleases","Co-op, Multi-player, Online Co-op, Singleplayer","DualShock Controller Support, Dualsense Controller Support, Xbox Controller Support",Windows
952060,Resident Evil 3,"24 Jan, 2019",Rp 519 000,Rp 103 800,-80%,31186,82%,Very Positive,"mostplayed, newreleases, topsellers, upcomingreleases","Multi-player, Online PvP, PvP, Singleplayer","Full Controller Support, Xbox Controller Support",Windows
3028330,Battlefield™ REDSEC,"28 Oct, 2025",Free,Free,N/A,9582,43%,Mixed,"mostplayed, newreleases, topsellers, upcomingreleases","Cross-Platform Multiplayer, Multi-player, Online PvP, PvP, Singleplayer","DualShock Controller Support, Dualsense Controller Support, Full Controller Support, Xbox Controller Support",Windows
3052450,Morimens,"1 Aug, 2024",Free,Free,N/A,1557,88%,Very Positive,"mostplayed, newreleases, topsellers, upcomingreleases","Multi-player, PvP, Singleplayer",N/A,Windows
526870,Satisfactory,"10 Sep, 2024",Rp 299 999,Rp 299 999,N/A,134170,97%,Overwhelmingly Positive,"mostplayed, newreleases, topsellers, upcomingreleases","Co-op, Cross-Platform Multiplayer, Multi-player, Online Co-op, Singleplayer","DualShock Controller Support, Dualsense Controller Support, Xbox Controller Support",Windows
2769570,Fable,"23 Feb, 2027",Rp 899 999,Rp 899 999,N/A,N/A,N/A,N/A,"mostplayed, newreleases, topsellers, upcomingreleases",Singleplayer,N/A,Windows
2074920,The First Descendant,"30 Jun, 2024",Free,Free,N/A,50450,64%,Mixed,"mostplayed, newreleases, topsellers, upcomingreleases","Co-op, Cross-Platform Multiplayer, Multi-player, Online Co-op, Singleplayer","DualShock Controller Support, Dualsense Controller Support, Xbox Controller Support",Windows
2384580,DYNASTY WARRIORS: ORIGINS,"16 Jan, 2025",Rp 945 000,Rp 661 500,-30%,4162,91%,Very Positive,"mostplayed, newreleases, topsellers, upcomingreleases",Singleplayer,"Full Controller Support, Xbox Controller Support",Windows
2001120,Split Fiction,"6 Mar, 2025",Rp 569 000,Rp 569 000,N/A,22717,96%,Overwhelmingly Positive,"mostplayed, newreleases, topsellers, upcomingreleases","Co-op, Cross-Platform Multiplayer, Multi-player, Online Co-op, Shared/Split Screen, Shared/Split Screen Co-op","DualShock Controller Support, Dualsense Controller Support, Full Controller Support, Xbox Controller Support",Windows
1794680,Vampire Survivors,"20 Oct, 2022",Rp 44 999,Rp 33 749,-25%,126794,98%,Overwhelmingly Positive,"mostplayed, newreleases, topsellers, upcomingreleases","Co-op, Multi-player, Online Co-op, Singleplayer","Full Controller Support, Xbox Controller Support","Windows, macOS"
1289670,EA Play,"31 Aug, 2020",Rp 87 000,Rp 87 000,N/A,10,50%,Mixed,"mostplayed, newreleases, topsellers, upcomingreleases","Co-op, Cross-Platform Multiplayer, Multi-player, Online Co-op, Online PvP, PvP, Shared/Split Screen, Shared/Split Screen Co-op, Singleplayer","DualShock Controller Support, Dualsense Controller Support, Full Controller Support, Xbox Controller Support",Windows
1805320,Romestead,"25 May, 2026",Rp 99 999,Rp 99 999,N/A,828,91%,Very Positive,"mostplayed, newreleases, topsellers, upcomingreleases","Co-op, LAN Co-op, Multi-player, Online Co-op, Singleplayer",N/A,Windows
1203620,Enshrouded,"24 Jan, 2024",Rp 239 999,Rp 239 999,N/A,47478,87%,Very Positive,"mostplayed, newreleases, topsellers, upcomingreleases","Co-op, Multi-player, Online Co-op, Singleplayer","DualShock Controller Support, Dualsense Controller Support, Full Controller Support, Xbox Controller Support",Windows
4226770,"Warhammer 40,000: Rogue Trader - The Infinite Museion","11 Jun, 2026",Rp 130 799,Rp 130 799,N/A,102,79%,Mostly Positive,"mostplayed, newreleases, topsellers, upcomingreleases","Co-op, Cross-Platform Multiplayer, Multi-player, Online Co-op, Singleplayer","DualShock Controller Support, Dualsense Controller Support, Xbox Controller Support","Windows, macOS"
589290,Holdfast: Nations At War,"5 Mar, 2020",Rp 169 000,Rp 84 500,-50%,18180,90%,Very Positive,"mostplayed, newreleases, topsellers, upcomingreleases","Multi-player, Online PvP, PvP","DualShock Controller Support, Dualsense Controller Support, Full Controller Support, Xbox Controller Support",Windows
2201320,Date Everything!,"17 Jun, 2025",Rp 418 999,Rp 142 459,-66%,5678,94%,Very Positive,"mostplayed, newreleases, topsellers, upcomingreleases",Singleplayer,"DualShock Controller Support, Dualsense Controller Support, Full Controller Support, Xbox Controller Support",Windows
4427390,TBH : Task Bar Hero - Supporter Pack,"27 May, 2026",Rp 39 499,Rp 39 499,N/A,265,36%,Mostly Negative,"mostplayed, newreleases, topsellers, upcomingreleases",Singleplayer,N/A,Windows
1062090,Timberborn,"12 Mar, 2026",Rp 284 999,Rp 227 999,-20%,23130,96%,Overwhelmingly Positive,"mostplayed, newreleases, topsellers, upcomingreleases",Singleplayer,N/A,"Windows, macOS"
532790,Vampire: The Masquerade® - Bloodlines™ 2,"21 Oct, 2025",Rp 676 999,Rp 338 499,-50%,6343,55%,Mixed,"mostplayed, newreleases, topsellers, upcomingreleases",Singleplayer,"DualShock Controller Support, Dualsense Controller Support, Xbox Controller Support",Windows
2707930,Palia,"25 Mar, 2024",Free,Free,N/A,25926,88%,Very Positive,"mostplayed, newreleases, topsellers, upcomingreleases","Co-op, Cross-Platform Multiplayer, Multi-player, Online Co-op, Singleplayer","DualShock Controller Support, Dualsense Controller Support, Xbox Controller Support",Windows
2963950,Persona 4 Revival,"17 Feb, 2027",Rp 649 000,Rp 649 000,N/A,N/A,N/A,N/A,"mostplayed, newreleases, topsellers, upcomingreleases",Singleplayer,"DualShock Controller Support, Dualsense Controller Support, Full Controller Support, Gamepad Preferred, Steam Input API Support, Xbox Controller Support",Windows
2291060,EARTH DEFENSE FORCE 6,"25 Jul, 2024",Rp 921 000,Rp 405 240,-56%,3945,77%,Mostly Positive,"mostplayed, newreleases, topsellers, upcomingreleases","Co-op, Multi-player, Online Co-op, Shared/Split Screen, Shared/Split Screen Co-op, Singleplayer","DualShock Controller Support, Full Controller Support, Xbox Controller Support",Windows
311210,Call of Duty®: Black Ops III,"5 Nov, 2015",Rp 891 000,Rp 891 000,N/A,117147,90%,Very Positive,"mostplayed, newreleases, topsellers, upcomingreleases","Co-op, Multi-player, Shared/Split Screen, Singleplayer","Full Controller Support, Xbox Controller Support","Windows, macOS"
2407270,AI LIMIT,"27 Mar, 2025",Rp 350 999,Rp 245 699,-30%,3543,91%,Very Positive,"mostplayed, newreleases, topsellers, upcomingreleases",Singleplayer,"Dualsense Controller Support, Full Controller Support, Gamepad Preferred, Xbox Controller Support",Windows
2444750,Shape of Dreams,"10 Sep, 2025",Rp 201 999,Rp 141 399,-30%,6073,94%,Very Positive,"mostplayed, newreleases, topsellers, upcomingreleases","Co-op, Multi-player, Online Co-op, Singleplayer","DualShock Controller Support, Dualsense Controller Support, Full Controller Support, Xbox Controller Support",Windows
2340520,Tales of Seikyu,"11 Jun, 2026",Rp 206 999,Rp 144 899,-30%,1423,85%,Very Positive,"mostplayed, newreleases, topsellers, upcomingreleases",Singleplayer,"DualShock Controller Support, Dualsense Controller Support, Full Controller Support, Xbox Controller Support",Windows
518790,theHunter: Call of the Wild™,"16 Feb, 2017",Rp 165 999,Rp 165 999,N/A,62396,90%,Very Positive,"mostplayed, newreleases, topsellers, upcomingreleases","Co-op, Multi-player, Online Co-op, Singleplayer","Full Controller Support, Xbox Controller Support",Windows
646570,Slay the Spire,"23 Jan, 2019",Rp 211 000,Rp 52 750,-75%,75238,97%,Overwhelmingly Positive,"mostplayed, newreleases, topsellers, upcomingreleases",Singleplayer,"Full Controller Support, Xbox Controller Support","SteamOS + Linux, Windows, macOS"
1850570,DEATH STRANDING DIRECTOR'S CUT,"30 Mar, 2022",Rp 539 999,Rp 188 999,-65%,19594,91%,Very Positive,"mostplayed, newreleases, topsellers, upcomingreleases",Singleplayer,"Dualsense Controller Support, Full Controller Support, Xbox Controller Support",Windows
892970,Valheim,"2 Feb, 2021",Rp 214 999,Rp 214 999,N/A,255760,94%,Very Positive,"mostplayed, newreleases, topsellers, upcomingreleases","Co-op, Multi-player, Online Co-op, Singleplayer","Full Controller Support, Xbox Controller Support","SteamOS + Linux, Windows, macOS"
1790600,DRAGON BALL: Sparking! ZERO,"10 Oct, 2024",Rp 699 000,Rp 349 500,-50%,28607,87%,Very Positive,"mostplayed, newreleases, topsellers, upcomingreleases","Multi-player, Online PvP, PvP, Shared/Split Screen, Shared/Split Screen PvP, Singleplayer","DualShock Controller Support, Dualsense Controller Support, Full Controller Support, Gamepad Preferred, Xbox Controller Support",Windows
251570,7 Days to Die,"25 Jul, 2024",Rp 338 999,Rp 338 999,N/A,124607,85%,Very Positive,"mostplayed, newreleases, topsellers, upcomingreleases","Co-op, Cross-Platform Multiplayer, LAN Co-op, LAN PvP, Multi-player, Online Co-op, Online PvP, PvP, Singleplayer","DualShock Controller Support, Dualsense Controller Support, Full Controller Support, Xbox Controller Support","SteamOS + Linux, Windows, macOS"
2866670,NBA THE RUN,"9 Jun, 2026",Rp 254 999,Rp 254 999,N/A,593,72%,Mostly Positive,"mostplayed, newreleases, topsellers, upcomingreleases","Cross-Platform Multiplayer, Multi-player, Online PvP, PvP","DualShock Controller Support, Dualsense Controller Support, Gamepad Preferred, Xbox Controller Support",Windows
1778820,TEKKEN 8,"25 Jan, 2024",Rp 499 000,Rp 499 000,N/A,26575,57%,Mixed,"mostplayed, newreleases, topsellers, upcomingreleases","Multi-player, Online PvP, PvP, Shared/Split Screen, Shared/Split Screen PvP, Singleplayer","DualShock Controller Support, Dualsense Controller Support, Xbox Controller Support",Windows
945360,Among Us,"16 Nov, 2018",Rp 42 999,Rp 42 999,N/A,374610,92%,Very Positive,"mostplayed, newreleases, topsellers, upcomingreleases","Co-op, Cross-Platform Multiplayer, LAN Co-op, LAN PvP, Multi-player, Online Co-op, Online PvP, PvP","Full Controller Support, Xbox Controller Support",Windows
2651280,Marvel's Spider-Man 2,"30 Jan, 2025",Rp 879 000,Rp 879 000,N/A,15203,82%,Very Positive,"mostplayed, newreleases, topsellers, upcomingreleases",Singleplayer,"DualShock Controller Support, Dualsense Controller Support, Full Controller Support, Steam Input API Support, Xbox Controller Support",Windows
714010,Aimlabs,"16 Jun, 2023",Free,Free,N/A,65678,90%,Very Positive,"mostplayed, newreleases, topsellers, upcomingreleases",Singleplayer,"Full Controller Support, Xbox Controller Support",Windows
346110,ARK: Survival Evolved,"27 Aug, 2017",Rp 130 999,Rp 130 999,N/A,254778,80%,Very Positive,"mostplayed, newreleases, topsellers, upcomingreleases","Co-op, Multi-player, Singleplayer","Full Controller Support, Xbox Controller Support","Windows, macOS"
431240,Golf With Your Friends,"19 May, 2020",Rp 108 999,Rp 10 899,-90%,36563,89%,Very Positive,"mostplayed, newreleases, topsellers, upcomingreleases","Multi-player, Online PvP, PvP, Shared/Split Screen, Shared/Split Screen PvP, Singleplayer",Xbox Controller Support,"SteamOS + Linux, Windows, macOS"
1601580,Frostpunk 2,"20 Sep, 2024",Rp 338 999,Rp 169 499,-50%,9350,78%,Mostly Positive,"mostplayed, newreleases, topsellers, upcomingreleases",Singleplayer,"DualShock Controller Support, Dualsense Controller Support, Full Controller Support, Steam Input API Support, Xbox Controller Support","Windows, macOS"
448510,Overcooked,"3 Aug, 2016",Rp 135 999,Rp 13 599,-90%,4692,91%,Very Positive,"mostplayed, newreleases, topsellers, upcomingreleases","Co-op, Multi-player, PvP, Shared/Split Screen, Shared/Split Screen Co-op, Shared/Split Screen PvP, Singleplayer","Full Controller Support, Xbox Controller Support",Windows
289650,Assassin's Creed® Unity,"12 Nov, 2014",Rp 309 000,Rp 77 250,-75%,25511,75%,Mostly Positive,"mostplayed, newreleases, topsellers, upcomingreleases","Co-op, Multi-player, Singleplayer",Xbox Controller Support,Windows
1938090,Call of Duty®,"27 Oct, 2022",N/A,N/A,N/A,232584,57%,Mixed,"mostplayed, newreleases, topsellers, upcomingreleases","Co-op, Cross-Platform Multiplayer, Multi-player, Online Co-op, Online PvP, PvP, Singleplayer","DualShock Controller Support, Dualsense Controller Support, Steam Input API Support, Xbox Controller Support",Windows
2272360,"Warhammer 40,000: Dawn of War IV","17 Sep, 2026",Rp 639 299,Rp 575 369,-10%,N/A,N/A,N/A,"mostplayed, newreleases, topsellers, upcomingreleases","Co-op, Multi-player, Online Co-op, Online PvP, PvP, Singleplayer",N/A,Windows
3419520,Quarantine Zone: The Last Check,"12 Jan, 2026",Rp 165 999,Rp 124 499,-25%,5235,81%,Very Positive,"mostplayed, newreleases, topsellers, upcomingreleases",Singleplayer,"Full Controller Support, Steam Input API Support, Xbox Controller Support",Windows
444200,World of Tanks Blitz,"9 Nov, 2016",Free,Free,N/A,24388,74%,Mostly Positive,"mostplayed, newreleases, topsellers, upcomingreleases","Co-op, Cross-Platform Multiplayer, Multi-player, Online Co-op, Online PvP, PvP",N/A,"Windows, macOS"
960090,Bloons TD 6,"17 Dec, 2018",Rp 89 999,Rp 89 999,N/A,226671,97%,Overwhelmingly Positive,"mostplayed, newreleases, topsellers, upcomingreleases","Co-op, Multi-player, Online Co-op, Singleplayer",N/A,"Windows, macOS"
2479810,Gray Zone Warfare,"30 Apr, 2024",Rp 488 000,Rp 488 000,N/A,45536,74%,Mostly Positive,"mostplayed, newreleases, topsellers, upcomingreleases","Co-op, Multi-player, Online Co-op, Online PvP, PvP",N/A,Windows
2627260,NINJA GAIDEN 4,"20 Oct, 2025",Rp 899 999,Rp 539 999,-40%,2583,88%,Very Positive,"mostplayed, newreleases, topsellers, upcomingreleases",Singleplayer,"Dualsense Controller Support, Full Controller Support, Gamepad Preferred, Xbox Controller Support",Windows
1149460,ICARUS,"3 Dec, 2021",Rp 284 999,Rp 284 999,N/A,29686,76%,Mostly Positive,"mostplayed, newreleases, topsellers, upcomingreleases","Co-op, Multi-player, Online Co-op, Singleplayer",N/A,Windows
397540,Borderlands 3,"13 Mar, 2020",Rp 555 000,Rp 55 500,-90%,59841,81%,Very Positive,"mostplayed, newreleases, topsellers, upcomingreleases","Co-op, Cross-Platform Multiplayer, LAN Co-op, Multi-player, Online Co-op, Singleplayer","Full Controller Support, Xbox Controller Support",Windows
1941540,Mafia: The Old Country,"7 Aug, 2025",Rp 570 000,Rp 399 000,-30%,8800,71%,Mostly Positive,"mostplayed, newreleases, topsellers, upcomingreleases",Singleplayer,"Full Controller Support, Xbox Controller Support",Windows
1243830,Overcooked! All You Can Eat,"23 Mar, 2021",Rp 299 999,Rp 89 999,-70%,1576,70%,Mostly Positive,"mostplayed, newreleases, topsellers, upcomingreleases","Co-op, Cross-Platform Multiplayer, Multi-player, Online Co-op, Online PvP, PvP, Shared/Split Screen, Shared/Split Screen Co-op, Shared/Split Screen PvP, Singleplayer","Full Controller Support, Xbox Controller Support",Windows
3010850,Gears of War: E-Day,"6 Oct, 2026",Rp 899 000,Rp 899 000,N/A,N/A,N/A,N/A,"mostplayed, newreleases, topsellers, upcomingreleases","Co-op, Cross-Platform Multiplayer, Multi-player, Online Co-op, Online PvP, PvP, Singleplayer","Dualsense Controller Support, Full Controller Support, Xbox Controller Support",Windows
637650,FINAL FANTASY XV WINDOWS EDITION,"6 Mar, 2018",Rp 695 000,Rp 278 000,-60%,17654,82%,Very Positive,"mostplayed, newreleases, topsellers, upcomingreleases","Co-op, Multi-player, Online Co-op, Online PvP, PvP, Singleplayer","Full Controller Support, Xbox Controller Support",Windows
2552430,KINGDOM HEARTS -HD 1.5+2.5 ReMIX-,"13 Jun, 2024",Rp 569 000,Rp 569 000,N/A,6716,85%,Very Positive,"mostplayed, newreleases, topsellers, upcomingreleases",Singleplayer,"DualShock Controller Support, Dualsense Controller Support, Full Controller Support, Xbox Controller Support",Windows
767560,War Robots,"4 Apr, 2018",Free,Free,N/A,12343,59%,Mixed,"mostplayed, newreleases, topsellers, upcomingreleases","Multi-player, Online PvP, PvP",N/A,Windows
1913370,OPERATOR,"1 Aug, 2023",Rp 165 999,Rp 165 999,N/A,4635,85%,Very Positive,"mostplayed, newreleases, topsellers, upcomingreleases","Co-op, Multi-player, Online Co-op, Online PvP, PvP, Singleplayer",N/A,Windows
2075800,STAR WARS Zero Company™,"27 Aug, 2026",Rp 569 000,Rp 569 000,N/A,N/A,N/A,N/A,"mostplayed, newreleases, topsellers, upcomingreleases",Singleplayer,"DualShock Controller Support, Dualsense Controller Support, Full Controller Support, Xbox Controller Support",Windows
1458140,Pacific Drive,"21 Feb, 2024",Rp 245 999,Rp 81 179,-67%,13805,83%,Very Positive,"mostplayed, newreleases, topsellers, upcomingreleases",Singleplayer,"Dualsense Controller Support, Full Controller Support, Xbox Controller Support",Windows
585420,Trailmakers,"18 Sep, 2019",Rp 119 999,Rp 23 999,-80%,21436,92%,Very Positive,"mostplayed, newreleases, topsellers, upcomingreleases","Co-op, Multi-player, Online Co-op, Online PvP, PvP, Singleplayer","DualShock Controller Support, Dualsense Controller Support, Full Controller Support, Xbox Controller Support",Windows
304390,FOR HONOR™,"13 Feb, 2017",Rp 349 000,Rp 349 000,N/A,57606,69%,Mixed,"mostplayed, newreleases, topsellers, upcomingreleases","Co-op, Multi-player, Online Co-op, Online PvP, PvP, Singleplayer",Xbox Controller Support,Windows
3672400,Farever,"6 May, 2026",Rp 169 000,Rp 169 000,N/A,4261,74%,Mostly Positive,"mostplayed, newreleases, topsellers, upcomingreleases","Co-op, Multi-player, Online Co-op, Singleplayer","Full Controller Support, Xbox Controller Support",Windows
221100,DayZ,"13 Dec, 2018",Rp 649 999,Rp 649 999,N/A,176337,74%,Mostly Positive,"mostplayed, newreleases, topsellers, upcomingreleases","Co-op, Multi-player, Online Co-op, Online PvP, PvP",N/A,Windows
3405340,Megabonk,"18 Sep, 2025",Rp 90 999,Rp 63 699,-30%,56227,94%,Very Positive,"mostplayed, newreleases, topsellers, upcomingreleases",Singleplayer,"DualShock Controller Support, Dualsense Controller Support, Full Controller Support, Xbox Controller Support","SteamOS + Linux, Windows"
4260530,Rina's Undercover Train Operation,"12 Jun, 2026",Rp 129 999,Rp 103 999,-20%,154,76%,Mostly Positive,"mostplayed, newreleases, topsellers, upcomingreleases",Singleplayer,N/A,Windows
780310,The Riftbreaker,"14 Oct, 2021",Rp 245 999,Rp 73 799,-70%,9206,90%,Very Positive,"mostplayed, newreleases, topsellers, upcomingreleases","Co-op, LAN Co-op, Multi-player, Online Co-op, Singleplayer","DualShock Controller Support, Dualsense Controller Support, Full Controller Support, Xbox Controller Support",Windows
953490,CARRION,"23 Jul, 2020",Rp 165 999,Rp 16 599,-90%,16014,94%,Very Positive,"mostplayed, newreleases, topsellers, upcomingreleases",Singleplayer,"Full Controller Support, Xbox Controller Support","SteamOS + Linux, Windows, macOS"
495420,State of Decay 2: Juggernaut Edition,"13 Mar, 2020",Rp 239 000,Rp 47 800,-80%,21620,86%,Very Positive,"mostplayed, newreleases, topsellers, upcomingreleases","Co-op, Cross-Platform Multiplayer, Multi-player, Online Co-op, Singleplayer","Full Controller Support, Xbox Controller Support",Windows
288470,Fable Anniversary,"12 Sep, 2014",Rp 235 999,Rp 77 879,-67%,8573,85%,Very Positive,"mostplayed, newreleases, topsellers, upcomingreleases",Singleplayer,"Full Controller Support, Xbox Controller Support",Windows
761890,Albion Online,"16 May, 2018",Free,Free,N/A,26956,74%,Mostly Positive,"mostplayed, newreleases, topsellers, upcomingreleases","Cross-Platform Multiplayer, Multi-player, Online PvP, PvP","DualShock Controller Support, Dualsense Controller Support, Xbox Controller Support","SteamOS + Linux, Windows, macOS"
3198890,Scale the Depths,"28 May, 2026",Rp 94 499,Rp 94 499,N/A,775,84%,Very Positive,"mostplayed, newreleases, topsellers, upcomingreleases",Singleplayer,"DualShock Controller Support, Dualsense Controller Support, Xbox Controller Support","Windows, macOS"
602960,Barotrauma,"13 Mar, 2023",Rp 249 999,Rp 124 999,-50%,28055,95%,Overwhelmingly Positive,"mostplayed, newreleases, topsellers, upcomingreleases","Co-op, Multi-player, Online Co-op, Online PvP, PvP, Singleplayer",N/A,"SteamOS + Linux, Windows, macOS"
221040,Resident Evil 6,"21 Mar, 2013",Rp 259 000,Rp 64 750,-75%,15361,72%,Mostly Positive,"mostplayed, newreleases, topsellers, upcomingreleases","Co-op, Multi-player, Shared/Split Screen, Singleplayer",Xbox Controller Support,Windows
1066890,Automobilista 2,"30 Jun, 2020",Rp 169 999,Rp 169 999,N/A,5450,90%,Very Positive,"mostplayed, newreleases, topsellers, upcomingreleases","LAN PvP, Multi-player, Online PvP, PvP, Singleplayer","Full Controller Support, Xbox Controller Support","SteamOS + Linux, Windows"
632360,Risk of Rain 2,"11 Aug, 2020",Rp 119 999,Rp 119 999,N/A,161427,95%,Overwhelmingly Positive,"mostplayed, newreleases, topsellers, upcomingreleases","Co-op, Multi-player, Online Co-op, Online PvP, PvP, Singleplayer","Full Controller Support, Xbox Controller Support",Windows
4200760,Call of Duty®: Black Ops 7 - BlackCell (Season 04),"4 Jun, 2026",Rp 449 000,Rp 449 000,N/A,16,62%,Mixed,"mostplayed, newreleases, topsellers, upcomingreleases","Co-op, Cross-Platform Multiplayer, Multi-player, Online Co-op, Online PvP, PvP, Singleplayer","DualShock Controller Support, Dualsense Controller Support, Steam Input API Support, Xbox Controller Support",Windows
3681010,Nioh 3,"5 Feb, 2026",Rp 945 000,Rp 670 950,-29%,4470,81%,Very Positive,"mostplayed, newreleases, topsellers, upcomingreleases","Co-op, Multi-player, Online Co-op, Singleplayer","DualShock Controller Support, Dualsense Controller Support, Xbox Controller Support",Windows
1057090,Ori and the Will of the Wisps,"10 Mar, 2020",Rp 139 999,Rp 34 999,-75%,30811,96%,Overwhelmingly Positive,"mostplayed, newreleases, topsellers, upcomingreleases",Singleplayer,"Full Controller Support, Xbox Controller Support",Windows
2975950,Solasta II,"12 Mar, 2026",Rp 340 000,Rp 272 000,-20%,1461,76%,Mostly Positive,"mostplayed, newreleases, topsellers, upcomingreleases",Singleplayer,"Full Controller Support, Xbox Controller Support",Windows
21690,Resident Evil 5,"15 Sep, 2009",Rp 259 000,Rp 64 750,-75%,17715,84%,Very Positive,"mostplayed, newreleases, topsellers, upcomingreleases","Co-op, Multi-player, Singleplayer","Full Controller Support, Xbox Controller Support",Windows
550,Left 4 Dead 2,"16 Nov, 2009",Rp 90 999,Rp 90 999,N/A,228425,97%,Overwhelmingly Positive,"mostplayed, newreleases, topsellers, upcomingreleases","Co-op, Multi-player, Online Co-op, Online PvP, PvP, Singleplayer","DualShock Controller Support, Dualsense Controller Support, Full Controller Support, Steam Input API Support, Xbox Controller Support","SteamOS + Linux, Windows"
2723430,inKONBINI: One Store. Many Stories,"30 Apr, 2026",Rp 166 000,Rp 132 800,-20%,722,84%,Very Positive,"mostplayed, newreleases, topsellers, upcomingreleases",Singleplayer,"DualShock Controller Support, Dualsense Controller Support, Full Controller Support, Xbox Controller Support","Windows, macOS"
4731620,Fortune Mill,"2 Jun, 2026",Rp 76 999,Rp 76 999,N/A,1799,82%,Very Positive,"mostplayed, newreleases, topsellers, upcomingreleases",Singleplayer,N/A,"Windows, macOS"
1092790,Inscryption,"19 Oct, 2021",Rp 119 999,Rp 47 999,-60%,75428,96%,Overwhelmingly Positive,"mostplayed, newreleases, topsellers, upcomingreleases",Singleplayer,N/A,"SteamOS + Linux, Windows, macOS"
2211170,Unrailed 2: Back on Track,"11 Jun, 2026",Rp 270 399,Rp 123 119,-54%,1606,89%,Very Positive,"mostplayed, newreleases, topsellers, upcomingreleases","Co-op, Cross-Platform Multiplayer, Multi-player, Online Co-op, Online PvP, PvP, Shared/Split Screen, Shared/Split Screen Co-op, Shared/Split Screen PvP, Singleplayer","DualShock Controller Support, Dualsense Controller Support, Full Controller Support, Gamepad Preferred, Xbox Controller Support","Windows, macOS"
3219030,Planet Zoo 2,"13 Oct, 2026",Rp 489 999,Rp 489 999,N/A,N/A,N/A,N/A,"mostplayed, newreleases, topsellers, upcomingreleases",Singleplayer,"DualShock Controller Support, Dualsense Controller Support, Full Controller Support, Xbox Controller Support",Windows
3796260,"Expansion - Hearts of Iron IV: No Compromise, No Surrender","20 Nov, 2025",Rp 338 999,Rp 271 199,-20%,1601,33%,Mostly Negative,"mostplayed, newreleases, topsellers, upcomingreleases","Co-op, Cross-Platform Multiplayer, Multi-player, Singleplayer",N/A,"SteamOS + Linux, Windows, macOS"
3079210,Hell Let Loose: Vietnam,"13 Aug, 2026",Rp 343 102,Rp 308 792,-10%,N/A,N/A,N/A,"mostplayed, newreleases, topsellers, upcomingreleases","Cross-Platform Multiplayer, Multi-player, Online PvP, PvP",Xbox Controller Support,Windows
291550,Brawlhalla,"17 Oct, 2017",Free,Free,N/A,175650,78%,Mostly Positive,"mostplayed, newreleases, topsellers, upcomingreleases","Co-op, Cross-Platform Multiplayer, Multi-player, Online Co-op, Online PvP, PvP, Shared/Split Screen, Shared/Split Screen Co-op, Shared/Split Screen PvP, Singleplayer","DualShock Controller Support, Dualsense Controller Support, Xbox Controller Support","Windows, macOS"
4032350,EA SPORTS™ College Football 27,"9 Jul, 2026",Rp 799 000,Rp 799 000,N/A,N/A,N/A,N/A,"mostplayed, newreleases, topsellers, upcomingreleases","Co-op, Cross-Platform Multiplayer, Multi-player, Online Co-op, Online PvP, PvP, Shared/Split Screen, Shared/Split Screen Co-op, Shared/Split Screen PvP, Singleplayer","DualShock Controller Support, Dualsense Controller Support, Full Controller Support, Gamepad Preferred, Xbox Controller Support",Windows
322170,Geometry Dash,"22 Dec, 2014",Rp 47 499,Rp 47 499,N/A,282283,93%,Very Positive,"mostplayed, newreleases, topsellers, upcomingreleases",Singleplayer,Xbox Controller Support,"Windows, macOS"
645390,Factorio: Space Age,"21 Oct, 2024",Rp 300 000,Rp 300 000,N/A,4210,91%,Very Positive,"mostplayed, newreleases, topsellers, upcomingreleases","Co-op, Cross-Platform Multiplayer, LAN Co-op, Multi-player, Online Co-op, Singleplayer",N/A,"SteamOS + Linux, Windows, macOS"
2426960,Summoners War,"7 Jan, 2024",Free,Free,N/A,3952,66%,Mixed,"mostplayed, newreleases, topsellers, upcomingreleases","Multi-player, Online PvP, PvP",Xbox Controller Support,Windows
2305500,FAIRY TAIL: DUNGEONS,"26 Aug, 2024",Rp 122 999,Rp 61 499,-50%,722,92%,Very Positive,topsellers,Singleplayer,"DualShock Controller Support, Dualsense Controller Support, Full Controller Support, Xbox Controller Support",macOS
1607250,MY HERO ULTRA RUMBLE,"28 Sep, 2023",Free,Free,N/A,12405,66%,Mixed,"mostplayed, newreleases, topsellers, upcomingreleases","Co-op, Cross-Platform Multiplayer, Multi-player, Online Co-op, Online PvP, PvP, Singleplayer","DualShock Controller Support, Dualsense Controller Support, Xbox Controller Support",Windows
2948190,World of Sea Battle,"21 Oct, 2025",Free,Free,N/A,2917,71%,Mostly Positive,"mostplayed, newreleases, topsellers, upcomingreleases","Co-op, Multi-player, Online Co-op, Online PvP, PvP",N/A,Windows
4244510,Pratfall,"20 Apr, 2026",Rp 69 999,Rp 69 999,N/A,1655,90%,Very Positive,"mostplayed, newreleases, topsellers, upcomingreleases","Co-op, Multi-player, Online Co-op, Singleplayer","DualShock Controller Support, Dualsense Controller Support, Full Controller Support, Xbox Controller Support",Windows
2605790,Deep Rock Galactic: Rogue Core,"20 May, 2026",Rp 188 999,Rp 188 999,N/A,6417,69%,Mixed,"mostplayed, newreleases, topsellers, upcomingreleases","Co-op, Multi-player, Online Co-op, Singleplayer","DualShock Controller Support, Dualsense Controller Support, Full Controller Support, Xbox Controller Support",Windows
599140,Graveyard Keeper,"15 Aug, 2018",Rp 165 999,Rp 33 199,-80%,17283,84%,Very Positive,"mostplayed, newreleases, topsellers, upcomingreleases",Singleplayer,"Full Controller Support, Xbox Controller Support","SteamOS + Linux, Windows, macOS"
1426210,It Takes Two Friend's Pass,"25 May, 2021",N/A,N/A,N/A,46966,95%,Overwhelmingly Positive,"mostplayed, newreleases, topsellers, upcomingreleases","Co-op, Multi-player, Online Co-op, Shared/Split Screen, Shared/Split Screen Co-op","DualShock Controller Support, Dualsense Controller Support, Full Controller Support, Xbox Controller Support",Windows
3280350,DEATH STRANDING 2: ON THE BEACH,"19 Mar, 2026",Rp 1 029 000,Rp 1 029 000,N/A,5080,95%,Overwhelmingly Positive,"mostplayed, newreleases, topsellers, upcomingreleases",Singleplayer,"DualShock Controller Support, Dualsense Controller Support, Full Controller Support, Steam Input API Support, Xbox Controller Support",Windows
1295660,Sid Meier's Civilization VII,"10 Feb, 2025",Rp 799 000,Rp 799 000,N/A,28045,51%,Mixed,"mostplayed, newreleases, topsellers, upcomingreleases","Cross-Platform Multiplayer, LAN PvP, Multi-player, Online PvP, PvP, Singleplayer","DualShock Controller Support, Dualsense Controller Support, Full Controller Support, Steam Input API Support, Xbox Controller Support","SteamOS + Linux, Windows, macOS"
2670630,Supermarket Simulator,"19 Jun, 2025",Rp 169 999,Rp 169 999,N/A,33633,92%,Very Positive,"mostplayed, newreleases, topsellers, upcomingreleases","Co-op, Multi-player, Online Co-op, Singleplayer","Full Controller Support, Xbox Controller Support","Windows, macOS"
2878450,Master of Command,"27 Oct, 2025",Rp 219 999,Rp 175 999,-20%,2291,92%,Very Positive,"mostplayed, newreleases, topsellers, upcomingreleases",Singleplayer,N/A,Windows
1945340,Destiny 2: Lightfall,"28 Feb, 2023",Rp 349 999,Rp 17 499,-95%,6413,31%,Mostly Negative,"mostplayed, newreleases, topsellers, upcomingreleases","Co-op, Multi-player, Online Co-op, Online PvP, PvP, Singleplayer","Full Controller Support, Xbox Controller Support",Windows
766570,Russian Fishing 4,"10 Nov, 2021",Free,Free,N/A,7367,79%,Mostly Positive,"mostplayed, newreleases, topsellers, upcomingreleases","Multi-player, Online PvP, PvP, Singleplayer",N/A,Windows
1716740,Starfield,"5 Sep, 2023",Rp 699 000,Rp 699 000,N/A,85087,57%,Mixed,"mostplayed, newreleases, topsellers, upcomingreleases",Singleplayer,"Full Controller Support, Xbox Controller Support",Windows
774361,Blasphemous,"10 Sep, 2019",Rp 199 999,Rp 19 999,-90%,18677,90%,Very Positive,"mostplayed, newreleases, topsellers, upcomingreleases",Singleplayer,"Full Controller Support, Xbox Controller Support","SteamOS + Linux, Windows, macOS"
1643320,S.T.A.L.K.E.R. 2: Heart of Chornobyl,"20 Nov, 2024",Rp 665 000,Rp 665 000,N/A,42075,76%,Mostly Positive,"mostplayed, newreleases, topsellers, upcomingreleases",Singleplayer,"Dualsense Controller Support, Xbox Controller Support",Windows
264710,Subnautica,"23 Jan, 2018",Rp 350 999,Rp 350 999,N/A,185998,96%,Overwhelmingly Positive,"mostplayed, newreleases, topsellers, upcomingreleases",Singleplayer,"DualShock Controller Support, Full Controller Support, Xbox Controller Support","Windows, macOS"
4064510,MOLE,"15 Jun, 2026",Rp 119 999,Rp 107 999,-10%,N/A,N/A,N/A,topsellers,N/A,N/A,N/A
2567870,Chained Together,"19 Jun, 2024",Rp 47 499,Rp 47 499,N/A,19890,91%,Very Positive,"mostplayed, newreleases, topsellers, upcomingreleases","Co-op, Multi-player, Online Co-op, Shared/Split Screen, Shared/Split Screen Co-op, Singleplayer",Xbox Controller Support,Windows
686060,Mewgenics,"10 Feb, 2026",Rp 245 999,Rp 245 999,N/A,27013,91%,Very Positive,"mostplayed, newreleases, topsellers, upcomingreleases",Singleplayer,"DualShock Controller Support, Dualsense Controller Support, Full Controller Support, Xbox Controller Support",Windows
1144400,Senren＊Banka,"14 Feb, 2020",Rp 159 999,Rp 84 799,-47%,840,95%,Overwhelmingly Positive,"mostplayed, newreleases, topsellers, upcomingreleases",Singleplayer,Xbox Controller Support,Windows
595520,FINAL FANTASY XII THE ZODIAC AGE,"1 Feb, 2018",Rp 470 000,Rp 141 000,-70%,4888,88%,Very Positive,"mostplayed, newreleases, topsellers, upcomingreleases",Singleplayer,"Full Controller Support, Xbox Controller Support",Windows
1030300,Hollow Knight: Silksong,"4 Sep, 2025",Rp 165 999,Rp 165 999,N/A,141351,93%,Very Positive,"mostplayed, newreleases, topsellers, upcomingreleases",Singleplayer,"DualShock Controller Support, Dualsense Controller Support, Full Controller Support, Gamepad Preferred, Xbox Controller Support","SteamOS + Linux, Windows, macOS"
359870,FINAL FANTASY X/X-2 HD Remaster,"12 May, 2016",Rp 199 999,Rp 79 999,-60%,10936,88%,Very Positive,"mostplayed, newreleases, topsellers, upcomingreleases",Singleplayer,Xbox Controller Support,Windows
3552140,Retro Rewind - Video Store Simulator,"17 Mar, 2026",Rp 165 999,Rp 165 999,N/A,6096,95%,Overwhelmingly Positive,"mostplayed, newreleases, topsellers, upcomingreleases",Singleplayer,N/A,Windows
2379780,Balatro,"20 Feb, 2024",Rp 204 298,Rp 126 538,-38%,101437,98%,Overwhelmingly Positive,"mostplayed, newreleases, topsellers, upcomingreleases",Singleplayer,"Dualsense Controller Support, Full Controller Support, Xbox Controller Support","Windows, macOS"
2638890,Onimusha: Way of the Sword,"24 Sep, 2026",Rp 910 000,Rp 910 000,N/A,N/A,N/A,N/A,"mostplayed, newreleases, topsellers, upcomingreleases",Singleplayer,"Full Controller Support, Xbox Controller Support",Windows
2072450,Like a Dragon: Infinite Wealth,"25 Jan, 2024",Rp 789 000,Rp 197 250,-75%,7290,91%,Very Positive,"mostplayed, newreleases, topsellers, upcomingreleases",Singleplayer,"DualShock Controller Support, Dualsense Controller Support, Full Controller Support, Xbox Controller Support",Windows
3152780,Expansion - Hearts of Iron IV: Götterdämmerung,"14 Nov, 2024",Rp 282 999,Rp 198 099,-30%,1739,72%,Mostly Positive,"mostplayed, newreleases, topsellers, upcomingreleases","Co-op, Cross-Platform Multiplayer, Multi-player, Singleplayer",N/A,"SteamOS + Linux, Windows, macOS"
2385530,PGA TOUR 2K25,"27 Feb, 2025",Rp 586 000,Rp 263 700,-55%,3114,69%,Mixed,"mostplayed, newreleases, topsellers, upcomingreleases","Co-op, Multi-player, Online Co-op, Online PvP, PvP, Shared/Split Screen, Shared/Split Screen PvP, Singleplayer","DualShock Controller Support, Dualsense Controller Support, Full Controller Support, Xbox Controller Support",Windows
9900,Star Trek Online,"31 Jan, 2012",Free,Free,N/A,16686,79%,Mostly Positive,"mostplayed, newreleases, topsellers, upcomingreleases","Co-op, Multi-player","Full Controller Support, Xbox Controller Support",Windows
4132150,Tainted Grail: The Fall of Avalon - Sanctuary of Sarras DLC,"15 Dec, 2025",Rp 130 999,Rp 91 699,-30%,461,85%,Very Positive,"mostplayed, newreleases, topsellers, upcomingreleases",Singleplayer,"DualShock Controller Support, Dualsense Controller Support, Full Controller Support, Xbox Controller Support",Windows
2016590,Dark and Darker,"7 Jun, 2024",Free,Free,N/A,46612,66%,Mixed,"mostplayed, newreleases, topsellers, upcomingreleases","Co-op, Multi-player, Online Co-op, Online PvP, PvP",Xbox Controller Support,Windows
1966720,Lethal Company,"23 Oct, 2023",Rp 90 999,Rp 90 999,N/A,275482,97%,Overwhelmingly Positive,"mostplayed, newreleases, topsellers, upcomingreleases","Co-op, Multi-player, Online Co-op, Singleplayer",Xbox Controller Support,Windows
1942280,Brotato,"23 Jun, 2023",Rp 47 499,Rp 28 499,-40%,31061,96%,Overwhelmingly Positive,"mostplayed, newreleases, topsellers, upcomingreleases","Co-op, Multi-player, Shared/Split Screen, Shared/Split Screen Co-op, Singleplayer","Full Controller Support, Xbox Controller Support","SteamOS + Linux, Windows, macOS"
2062430,BALL x PIT,"15 Oct, 2025",Rp 130 999,Rp 104 799,-20%,14497,95%,Overwhelmingly Positive,"mostplayed, newreleases, topsellers, upcomingreleases",Singleplayer,"DualShock Controller Support, Dualsense Controller Support, Full Controller Support, Xbox Controller Support","Windows, macOS"
2904040,Cheap Car Repair,"28 May, 2026",Rp 302 371,Rp 167 911,-44%,397,86%,Very Positive,"mostplayed, newreleases, topsellers, upcomingreleases",Singleplayer,N/A,Windows
1669000,Age of Wonders 4,"2 May, 2023",Rp 563 999,Rp 563 999,N/A,10688,82%,Very Positive,"mostplayed, newreleases, topsellers, upcomingreleases","Co-op, Cross-Platform Multiplayer, Multi-player, Online Co-op, Online PvP, PvP, Singleplayer",Xbox Controller Support,Windows
1857950,VEIN,"24 Oct, 2025",Rp 174 999,Rp 174 999,N/A,7325,89%,Very Positive,"mostplayed, newreleases, topsellers, upcomingreleases","Co-op, Multi-player, Online Co-op, Online PvP, PvP, Singleplayer",N/A,"SteamOS + Linux, Windows"
3864450,Goblin Company,"12 Jun, 2026",Rp 90 499,Rp 72 399,-20%,115,77%,Mostly Positive,"mostplayed, newreleases, topsellers, upcomingreleases","Co-op, Multi-player, Online Co-op, Singleplayer","Full Controller Support, Xbox Controller Support",Windows
2404880,Car Dealer Simulator,"29 May, 2025",Rp 115 959,Rp 86 969,-25%,4044,87%,Very Positive,"mostplayed, newreleases, topsellers, upcomingreleases",Singleplayer,"Full Controller Support, Xbox Controller Support",Windows
590830,s&box,"28 Apr, 2026",Rp 165 999,Rp 165 999,N/A,3211,48%,Mixed,"mostplayed, newreleases, topsellers, upcomingreleases","Co-op, LAN Co-op, LAN PvP, Multi-player, Online Co-op, Online PvP, PvP, Singleplayer",N/A,Windows
2927200,Mount & Blade II: Bannerlord - War Sails,"26 Nov, 2025",Rp 349 000,Rp 349 000,N/A,2339,54%,Mixed,"mostplayed, newreleases, topsellers, upcomingreleases",Singleplayer,Xbox Controller Support,Windows
1656330,Destiny 2: The Witch Queen,"22 Feb, 2022",Rp 349 999,Rp 17 499,-95%,1826,76%,Mostly Positive,"mostplayed, newreleases, topsellers, upcomingreleases","Co-op, Multi-player, Online Co-op, Online PvP, PvP, Singleplayer","Full Controller Support, Xbox Controller Support",Windows
427410,Abiotic Factor,"22 Jul, 2025",Rp 284 999,Rp 284 999,N/A,27293,96%,Overwhelmingly Positive,"mostplayed, newreleases, topsellers, upcomingreleases","Co-op, Cross-Platform Multiplayer, LAN Co-op, Multi-player, Online Co-op, Singleplayer","DualShock Controller Support, Dualsense Controller Support, Full Controller Support, Xbox Controller Support",Windows
1771300,Kingdom Come: Deliverance II,"4 Feb, 2025",Rp 641 000,Rp 641 000,N/A,64523,92%,Very Positive,"mostplayed, newreleases, topsellers, upcomingreleases",Singleplayer,"DualShock Controller Support, Dualsense Controller Support, Full Controller Support, Xbox Controller Support",Windows
1145350,Hades II,"25 Sep, 2025",Rp 245 999,Rp 245 999,N/A,63888,96%,Overwhelmingly Positive,"mostplayed, newreleases, topsellers, upcomingreleases",Singleplayer,"DualShock Controller Support, Dualsense Controller Support, Full Controller Support, Xbox Controller Support","Windows, macOS"
881020,Granblue Fantasy: Relink,"31 Jan, 2024",Rp 429 000,Rp 429 000,N/A,11323,92%,Very Positive,"mostplayed, newreleases, topsellers, upcomingreleases","Co-op, Multi-player, Online Co-op, Singleplayer","Gamepad Preferred, Steam Input API Support, Xbox Controller Support",Windows
2753000,GOALS,"4 Jun, 2026",Free,Free,N/A,1477,40%,Mixed,"mostplayed, newreleases, topsellers, upcomingreleases","Cross-Platform Multiplayer, Multi-player, Online PvP, PvP, Singleplayer","Dualsense Controller Support, Full Controller Support, Gamepad Preferred, Xbox Controller Support",Windows
1593500,God of War,"14 Jan, 2022",Rp 729 000,Rp 729 000,N/A,59279,96%,Overwhelmingly Positive,"mostplayed, newreleases, topsellers, upcomingreleases",Singleplayer,"DualShock Controller Support, Dualsense Controller Support, Full Controller Support, Xbox Controller Support",Windows
1205520,Pentiment,"14 Nov, 2022",Rp 229 000,Rp 114 500,-50%,5060,94%,Very Positive,"mostplayed, newreleases, topsellers, upcomingreleases",Singleplayer,"DualShock Controller Support, Dualsense Controller Support, Full Controller Support, Xbox Controller Support",Windows
1452490,Oxygen Not Included - Spaced Out!,"16 Dec, 2021",Rp 83 999,Rp 56 279,-33%,1198,80%,Very Positive,"mostplayed, newreleases, topsellers, upcomingreleases",Singleplayer,N/A,"SteamOS + Linux, Windows, macOS"
2406770,Bodycam,"7 Jun, 2024",Rp 284 999,Rp 284 999,N/A,23510,74%,Mostly Positive,"mostplayed, newreleases, topsellers, upcomingreleases","Multi-player, Online PvP, PvP",N/A,Windows
4090980,Escape from Tarkov - The Unheard Steam Edition Expansion Pack,"20 May, 2026",N/A,N/A,N/A,75,86%,Very Positive,"mostplayed, newreleases, topsellers, upcomingreleases","Co-op, Multi-player, Online Co-op, Online PvP, PvP",N/A,Windows
976730,Halo: The Master Chief Collection,"3 Dec, 2019",Rp 599 999,Rp 599 999,N/A,162253,91%,Very Positive,"mostplayed, newreleases, topsellers, upcomingreleases","Co-op, Cross-Platform Multiplayer, LAN Co-op, LAN PvP, Multi-player, Online Co-op, Online PvP, PvP, Singleplayer","Full Controller Support, Xbox Controller Support",Windows
4211520,Don't Starve Together: Starter Pack 2026,"18 Dec, 2025",Rp 59 999,Rp 59 999,N/A,N/A,N/A,N/A,topsellers,"Co-op, LAN Co-op, LAN PvP, Multi-player, Online Co-op, Online PvP, PvP, Singleplayer","Full Controller Support, Xbox Controller Support","SteamOS + Linux, Windows, macOS"
2461850,Hellblade II: Senua’s Saga,"21 May, 2024",Rp 745 000,Rp 186 250,-75%,4549,84%,Very Positive,"mostplayed, newreleases, topsellers, upcomingreleases",Singleplayer,"Full Controller Support, Xbox Controller Support",Windows
286160,Tabletop Simulator,"5 Jun, 2015",Rp 165 999,Rp 165 999,N/A,31385,96%,Overwhelmingly Positive,"mostplayed, newreleases, topsellers, upcomingreleases","Co-op, Cross-Platform Multiplayer, Multi-player, Online Co-op, Online PvP, PvP, Shared/Split Screen, Shared/Split Screen Co-op, Shared/Split Screen PvP, Singleplayer","Full Controller Support, Xbox Controller Support","SteamOS + Linux, Windows, macOS"
1304930,The Outlast Trials,"5 Mar, 2024",Rp 299 999,Rp 299 999,N/A,39680,94%,Very Positive,"mostplayed, newreleases, topsellers, upcomingreleases","Co-op, Multi-player, Online Co-op, Singleplayer","DualShock Controller Support, Dualsense Controller Support, Full Controller Support, Xbox Controller Support",Windows
223750,DCS World Steam Edition,"2 Aug, 2013",Free,Free,N/A,22859,84%,Very Positive,"mostplayed, newreleases, topsellers, upcomingreleases","Co-op, LAN Co-op, LAN PvP, Multi-player, Online Co-op, Online PvP, PvP, Singleplayer",Xbox Controller Support,Windows
377160,Fallout 4,"9 Nov, 2015",Rp 266 000,Rp 266 000,N/A,181919,80%,Very Positive,"mostplayed, newreleases, topsellers, upcomingreleases",Singleplayer,"Full Controller Support, Xbox Controller Support",Windows
2416450,MOUSE: P.I. For Hire,"16 Apr, 2026",Rp 245 999,Rp 245 999,N/A,7730,94%,Very Positive,"mostplayed, newreleases, topsellers, upcomingreleases",Singleplayer,"DualShock Controller Support, Dualsense Controller Support, Full Controller Support, Xbox Controller Support",Windows
3526710,Everything is Crab: The Animal Evolution Roguelite,"8 May, 2026",Rp 90 999,Rp 90 999,N/A,2595,87%,Very Positive,"mostplayed, newreleases, topsellers, upcomingreleases",Singleplayer,"DualShock Controller Support, Dualsense Controller Support, Full Controller Support, Xbox Controller Support",Windows
292030,The Witcher 3: Wild Hunt,"18 May, 2015",Rp 359 999,Rp 359 999,N/A,236492,96%,Overwhelmingly Positive,"mostplayed, newreleases, topsellers, upcomingreleases",Singleplayer,"Full Controller Support, Xbox Controller Support",Windows
4214820,Game of Thrones Kingsroad,"14 May, 2026",Free,Free,N/A,389,67%,Mixed,"mostplayed, newreleases, topsellers, upcomingreleases","Co-op, Cross-Platform Multiplayer, Multi-player, Online Co-op, Singleplayer",Xbox Controller Support,Windows
2848330,Lies of P: Overture,"6 Jun, 2025",Rp 435 000,Rp 435 000,N/A,2621,88%,Very Positive,"mostplayed, newreleases, topsellers, upcomingreleases",Singleplayer,"DualShock Controller Support, Dualsense Controller Support, Full Controller Support, Gamepad Preferred, Xbox Controller Support","Windows, macOS"
2968420,PowerWash Simulator 2,"23 Oct, 2025",Rp 206 999,Rp 206 999,N/A,6900,92%,Very Positive,"mostplayed, newreleases, topsellers, upcomingreleases","Co-op, Cross-Platform Multiplayer, Multi-player, Online Co-op, Shared/Split Screen, Shared/Split Screen Co-op, Singleplayer","Dualsense Controller Support, Full Controller Support, Xbox Controller Support",Windows
3952720,Destiny 2: Triumphant Rewards Silver Bundle,"9 Jun, 2026",Rp 159 999,Rp 159 999,N/A,80,100%,Very Positive,"mostplayed, newreleases, topsellers, upcomingreleases","Co-op, Multi-player, Online Co-op, Online PvP, PvP, Singleplayer","DualShock Controller Support, Dualsense Controller Support, Xbox Controller Support",Windows
1229490,ULTRAKILL,"3 Sep, 2020",Rp 144 999,Rp 144 999,N/A,144748,97%,Overwhelmingly Positive,"mostplayed, newreleases, topsellers, upcomingreleases",Singleplayer,"DualShock Controller Support, Dualsense Controller Support, Full Controller Support, Xbox Controller Support",Windows
1656370,Destiny 2: Bungie 30th Anniversary Pack,"7 Dec, 2021",Rp 289 999,Rp 14 499,-95%,1678,46%,Mixed,"mostplayed, newreleases, topsellers, upcomingreleases","Co-op, Multi-player, Online Co-op, Online PvP, PvP, Singleplayer","Full Controller Support, Xbox Controller Support",Windows
3562120,Magical Princess,"27 Apr, 2026",Rp 134 999,Rp 107 999,-20%,795,98%,Overwhelmingly Positive,"mostplayed, newreleases, topsellers, upcomingreleases",Singleplayer,"DualShock Controller Support, Dualsense Controller Support, Full Controller Support, Xbox Controller Support",Windows
1285190,Borderlands 4,"11 Sep, 2025",Rp 799 000,Rp 799 000,N/A,41602,61%,Mixed,"mostplayed, newreleases, topsellers, upcomingreleases","Co-op, Cross-Platform Multiplayer, Multi-player, Online Co-op, Singleplayer","DualShock Controller Support, Dualsense Controller Support, Xbox Controller Support",Windows
311690,Enter the Gungeon,"5 Apr, 2016",Rp 130 999,Rp 26 199,-80%,38826,95%,Overwhelmingly Positive,"mostplayed, newreleases, topsellers, upcomingreleases","Multi-player, Shared/Split Screen, Singleplayer","Full Controller Support, Xbox Controller Support","SteamOS + Linux, Windows"
2747330,Species: Unknown,"23 Oct, 2025",Rp 90 999,Rp 90 999,N/A,5066,95%,Overwhelmingly Positive,"mostplayed, newreleases, topsellers, upcomingreleases","Co-op, Multi-player, Online Co-op, Singleplayer","Full Controller Support, Xbox Controller Support",Windows
2073250,Rift of the NecroDancer,"5 Feb, 2025",Rp 165 999,Rp 74 699,-55%,2888,94%,Very Positive,"mostplayed, newreleases, topsellers, upcomingreleases",Singleplayer,"DualShock Controller Support, Dualsense Controller Support, Full Controller Support, Steam Input API Support, Xbox Controller Support",Windows
4157740,Oxygen Not Included: Neutronium Cosmetics Pack,"20 Nov, 2025",Rp 47 499,Rp 47 499,N/A,136,94%,Very Positive,"mostplayed, newreleases, topsellers, upcomingreleases",Singleplayer,N/A,"SteamOS + Linux, Windows, macOS"
3989960,Frog Sqwad 🐸,"11 Jun, 2026",Rp 76 999,Rp 47 739,-38%,157,73%,Mostly Positive,"mostplayed, newreleases, topsellers, upcomingreleases","Co-op, Multi-player, Online Co-op","DualShock Controller Support, Dualsense Controller Support, Full Controller Support, Xbox Controller Support",Windows
2748340,Goblin Cleanup,"18 Sep, 2025",Rp 278 098,Rp 126 808,-54%,1487,88%,Very Positive,"mostplayed, newreleases, topsellers, upcomingreleases","Co-op, Multi-player, Online Co-op, Singleplayer","DualShock Controller Support, Dualsense Controller Support, Full Controller Support, Xbox Controller Support",Windows
3596700,TerraTech Legion,"30 Apr, 2026",Rp 94 499,Rp 75 599,-20%,1530,81%,Very Positive,"mostplayed, newreleases, topsellers, upcomingreleases",Singleplayer,"Full Controller Support, Xbox Controller Support",Windows
2492320,DAVE THE DIVER Digital Extra,"28 Jun, 2023",Rp 75 000,Rp 37 500,-50%,207,92%,Very Positive,"mostplayed, newreleases, topsellers, upcomingreleases",Singleplayer,"Full Controller Support, Xbox Controller Support","Windows, macOS"
1449110,The Outer Worlds 2,"29 Oct, 2025",Rp 899 999,Rp 539 999,-40%,5825,74%,Mostly Positive,"mostplayed, newreleases, topsellers, upcomingreleases",Singleplayer,"Full Controller Support, Xbox Controller Support",Windows
703080,Planet Zoo,"5 Nov, 2019",Rp 440 278,Rp 440 278,N/A,41927,91%,Very Positive,"mostplayed, newreleases, topsellers, upcomingreleases",Singleplayer,N/A,Windows
2988580,Yakuza 0 Director's Cut,"8 Dec, 2025",Rp 509 000,Rp 305 400,-40%,1218,75%,Mostly Positive,"mostplayed, newreleases, topsellers, upcomingreleases","Co-op, Multi-player, Online Co-op, Singleplayer","DualShock Controller Support, Dualsense Controller Support, Full Controller Support, Steam Input API Support, Xbox Controller Support",Windows
2457220,Avowed,"18 Feb, 2025",Rp 699 000,Rp 454 350,-35%,9307,77%,Mostly Positive,"mostplayed, newreleases, topsellers, upcomingreleases",Singleplayer,"Full Controller Support, Xbox Controller Support",Windows
1818450,STALCRAFT: X,"9 Dec, 2022",Free,Free,N/A,15810,66%,Mixed,"mostplayed, newreleases, topsellers, upcomingreleases","Co-op, Multi-player, Online Co-op, Online PvP, PvP",N/A,Windows
1637320,Dome Keeper,"27 Sep, 2022",Rp 152 999,Rp 45 899,-70%,11182,93%,Very Positive,"mostplayed, newreleases, topsellers, upcomingreleases","Co-op, Cross-Platform Multiplayer, LAN Co-op, LAN PvP, Multi-player, Online Co-op, Online PvP, PvP, Shared/Split Screen, Shared/Split Screen Co-op, Shared/Split Screen PvP, Singleplayer","DualShock Controller Support, Dualsense Controller Support, Full Controller Support, Xbox Controller Support","SteamOS + Linux, Windows, macOS"
3828610,Beauties and the Stranded,"14 Jun, 2026",Rp 144 999,Rp 130 499,-10%,N/A,N/A,N/A,topsellers,N/A,N/A,N/A
2221490,Tom Clancy’s The Division® 2,"12 Jan, 2023",Rp 349 000,Rp 349 000,N/A,16651,79%,Mostly Positive,"mostplayed, newreleases, topsellers, upcomingreleases","Co-op, Multi-player, Online Co-op, Online PvP, PvP, Singleplayer",Xbox Controller Support,Windows
2753900,The King is Watching,"21 Jul, 2025",Rp 130 999,Rp 85 149,-35%,3134,90%,Very Positive,"mostplayed, newreleases, topsellers, upcomingreleases",Singleplayer,N/A,Windows
3948120,Scritchy Scratchy,"18 Mar, 2026",Rp 35 870,Rp 35 870,N/A,5398,95%,Overwhelmingly Positive,"mostplayed, newreleases, topsellers, upcomingreleases",Singleplayer,N/A,"Windows, macOS"
3373660,Look Outside,"21 Mar, 2025",Rp 90 999,Rp 54 599,-40%,8419,98%,Overwhelmingly Positive,"mostplayed, newreleases, topsellers, upcomingreleases",Singleplayer,N/A,Windows
502500,ACE COMBAT™ 7: SKIES UNKNOWN,"31 Jan, 2019",Rp 799 000,Rp 159 800,-80%,22471,89%,Very Positive,"mostplayed, newreleases, topsellers, upcomingreleases","Multi-player, Online PvP, PvP, Singleplayer","DualShock Controller Support, Full Controller Support, Xbox Controller Support",Windows
2101960,Cronos: The New Dawn,"5 Sep, 2025",Rp 641 000,Rp 384 600,-40%,3794,88%,Very Positive,"mostplayed, newreleases, topsellers, upcomingreleases",Singleplayer,"DualShock Controller Support, Dualsense Controller Support, Full Controller Support, Gamepad Preferred, Xbox Controller Support","SteamOS + Linux, Windows, macOS"
2129530,REANIMAL,"13 Feb, 2026",Rp 299 999,Rp 299 999,N/A,5121,82%,Very Positive,"mostplayed, newreleases, topsellers, upcomingreleases","Co-op, Cross-Platform Multiplayer, Multi-player, Online Co-op, Shared/Split Screen, Shared/Split Screen Co-op, Singleplayer","DualShock Controller Support, Dualsense Controller Support, Full Controller Support, Gamepad Preferred, Xbox Controller Support",Windows
1454370,STARSEEKER: Astroneer Expeditions,"11 Jun, 2026",Rp 254 999,Rp 254 999,N/A,529,55%,Mixed,"mostplayed, newreleases, topsellers, upcomingreleases","Co-op, Cross-Platform Multiplayer, Multi-player, Online Co-op","DualShock Controller Support, Dualsense Controller Support, Xbox Controller Support",Windows
391540,Undertale,"15 Sep, 2015",Rp 89 999,Rp 22 499,-75%,157344,96%,Overwhelmingly Positive,"mostplayed, newreleases, topsellers, upcomingreleases",Singleplayer,N/A,"SteamOS + Linux, Windows, macOS"
2162800,shapez 2 - Factory,"23 Apr, 2026",Rp 199 999,Rp 119 999,-40%,8458,97%,Overwhelmingly Positive,"mostplayed, newreleases, topsellers, upcomingreleases",Singleplayer,N/A,"SteamOS + Linux, Windows, macOS"
1260320,Party Animals,"20 Sep, 2023",Rp 205 000,Rp 205 000,N/A,16740,89%,Very Positive,"mostplayed, newreleases, topsellers, upcomingreleases","Co-op, Cross-Platform Multiplayer, Multi-player, Online Co-op, Online PvP, PvP, Shared/Split Screen, Shared/Split Screen Co-op, Shared/Split Screen PvP, Singleplayer","DualShock Controller Support, Dualsense Controller Support, Full Controller Support, Gamepad Preferred, Xbox Controller Support",Windows
242760,The Forest,"30 Apr, 2018",Rp 108 999,Rp 108 999,N/A,176301,95%,Overwhelmingly Positive,"mostplayed, newreleases, topsellers, upcomingreleases","Co-op, LAN Co-op, Multi-player, Online Co-op, Singleplayer",Xbox Controller Support,Windows
393380,Squad,"23 Sep, 2020",Rp 437 591,Rp 437 591,N/A,82743,84%,Very Positive,"mostplayed, newreleases, topsellers, upcomingreleases","Co-op, Multi-player, Online Co-op, Online PvP, PvP",Xbox Controller Support,Windows
4440380,Forza Horizon 6 VIP Membership,"18 May, 2026",Rp 279 999,Rp 279 999,N/A,64,84%,Very Positive,"mostplayed, newreleases, topsellers, upcomingreleases","Co-op, Multi-player, Online Co-op, Online PvP, PvP, Singleplayer","Full Controller Support, Gamepad Preferred, Xbox Controller Support",Windows
1597080,Killer Bean,"8 Jun, 2026",Rp 134 999,Rp 107 999,-20%,1770,70%,Mostly Positive,"mostplayed, newreleases, topsellers, upcomingreleases",Singleplayer,"Dualsense Controller Support, Xbox Controller Support",Windows
4373820,Season 3 Battlefield Pro - Battlefield™ 6 and REDSEC,"12 May, 2026",Rp 289 000,Rp 289 000,N/A,66,69%,Mixed,"mostplayed, newreleases, topsellers, upcomingreleases","Cross-Platform Multiplayer, Multi-player, Online PvP, PvP, Singleplayer","DualShock Controller Support, Dualsense Controller Support, Full Controller Support, Xbox Controller Support",Windows
3655420,Oxygen Not Included: The Prehistoric Planet Pack,"12 Jun, 2025",Rp 74 000,Rp 66 600,-10%,182,87%,Very Positive,"mostplayed, newreleases, topsellers, upcomingreleases",Singleplayer,N/A,"SteamOS + Linux, Windows, macOS"
2132850,Rabbit and Steel,"9 May, 2024",Rp 130 999,Rp 65 499,-50%,7061,97%,Overwhelmingly Positive,"mostplayed, newreleases, topsellers, upcomingreleases","Co-op, Multi-player, Online Co-op, Shared/Split Screen, Shared/Split Screen Co-op, Singleplayer","DualShock Controller Support, Dualsense Controller Support, Full Controller Support, Xbox Controller Support",Windows
805550,Assetto Corsa Competizione,"29 May, 2019",Rp 491 999,Rp 392 399,-20%,14008,92%,Very Positive,"mostplayed, newreleases, topsellers, upcomingreleases","LAN PvP, Multi-player, Online PvP, PvP, Singleplayer",Xbox Controller Support,Windows
3858650,Crushed In Time,"10 Jun, 2026",Rp 214 999,Rp 171 999,-20%,491,90%,Very Positive,"mostplayed, newreleases, topsellers, upcomingreleases",Singleplayer,Xbox Controller Support,Windows
367520,Hollow Knight,"24 Feb, 2017",Rp 130 999,Rp 130 999,N/A,178598,97%,Overwhelmingly Positive,"mostplayed, newreleases, topsellers, upcomingreleases",Singleplayer,"Full Controller Support, Xbox Controller Support","SteamOS + Linux, Windows, macOS"
244850,Space Engineers,"28 Feb, 2019",Rp 334 999,Rp 167 499,-50%,67409,89%,Very Positive,"mostplayed, newreleases, topsellers, upcomingreleases","Co-op, Cross-Platform Multiplayer, Multi-player, Online PvP, PvP, Singleplayer",Xbox Controller Support,Windows
814380,Sekiro™: Shadows Die Twice - GOTY Edition,"21 Mar, 2019",Rp 891 000,Rp 891 000,N/A,86249,93%,Very Positive,"mostplayed, newreleases, topsellers, upcomingreleases",Singleplayer,"Full Controller Support, Xbox Controller Support",Windows
2681030,Outbound,"11 May, 2026",Rp 199 000,Rp 199 000,N/A,1436,73%,Mostly Positive,"mostplayed, newreleases, topsellers, upcomingreleases","Co-op, Multi-player, Online Co-op, Singleplayer","DualShock Controller Support, Dualsense Controller Support, Full Controller Support, Xbox Controller Support",Windows
2417470,Beastro,"11 Jun, 2026",Rp 118 800,Rp 89 100,-25%,218,88%,Very Positive,"mostplayed, newreleases, topsellers, upcomingreleases",Singleplayer,"Full Controller Support, Gamepad Preferred, Xbox Controller Support",Windows
2161700,Persona 3 Reload,"1 Feb, 2024",Rp 579 000,Rp 579 000,N/A,21366,96%,Overwhelmingly Positive,"mostplayed, newreleases, topsellers, upcomingreleases",Singleplayer,"DualShock Controller Support, Dualsense Controller Support, Full Controller Support, Xbox Controller Support",Windows
2646460,Soulmask,"9 Apr, 2026",Rp 245 999,Rp 196 799,-20%,7372,76%,Mostly Positive,"mostplayed, newreleases, topsellers, upcomingreleases","Co-op, LAN Co-op, LAN PvP, Multi-player, Online Co-op, Online PvP, PvP, Singleplayer",N/A,Windows
220200,Kerbal Space Program,"27 Apr, 2015",Rp 379 000,Rp 379 000,N/A,81193,96%,Overwhelmingly Positive,"mostplayed, newreleases, topsellers, upcomingreleases",Singleplayer,Xbox Controller Support,"SteamOS + Linux, Windows, macOS"
544810,KARDS - The WW2 Card Game,"15 Apr, 2020",Free,Free,N/A,10333,80%,Very Positive,"mostplayed, newreleases, topsellers, upcomingreleases","Multi-player, Online PvP, PvP, Singleplayer",N/A,Windows
880940,Pummel Party,"20 Sep, 2018",Rp 130 999,Rp 130 999,N/A,14344,88%,Very Positive,"mostplayed, newreleases, topsellers, upcomingreleases","Multi-player, Online PvP, PvP, Shared/Split Screen, Shared/Split Screen PvP, Singleplayer","Full Controller Support, Xbox Controller Support",Windows
1363080,Manor Lords,"26 Apr, 2024",Rp 299 999,Rp 299 999,N/A,38810,87%,Very Positive,"mostplayed, newreleases, topsellers, upcomingreleases",Singleplayer,N/A,Windows
1030840,Mafia: Definitive Edition,"24 Sep, 2020",Rp 489 000,Rp 73 350,-85%,28321,87%,Very Positive,"mostplayed, newreleases, topsellers, upcomingreleases",Singleplayer,"Full Controller Support, Xbox Controller Support",Windows
3364070,The Jackbox Party Pack 11,"22 Oct, 2025",Rp 245 999,Rp 172 199,-30%,387,92%,Very Positive,"mostplayed, newreleases, topsellers, upcomingreleases","Co-op, Multi-player, Online Co-op, Online PvP, PvP, Shared/Split Screen, Shared/Split Screen Co-op, Shared/Split Screen PvP","Full Controller Support, Xbox Controller Support","SteamOS + Linux, Windows, macOS"
3067190,Age of Empires IV: Dynasties of the East,"4 Nov, 2025",Rp 280 000,Rp 187 600,-33%,988,62%,Mixed,"mostplayed, newreleases, topsellers, upcomingreleases","Co-op, Cross-Platform Multiplayer, Multi-player, Online Co-op, Online PvP, PvP, Singleplayer",N/A,Windows
2627570,Goofy Gorillas,"1 Dec, 2023",Rp 74 000,Rp 74 000,N/A,655,92%,Very Positive,"mostplayed, newreleases, topsellers, upcomingreleases","Co-op, Multi-player, Online Co-op, Online PvP, PvP, Singleplayer","DualShock Controller Support, Full Controller Support, Xbox Controller Support",Windows
835570,Conqueror's Blade,"5 Apr, 2020",Free,Free,N/A,6731,73%,Mostly Positive,"mostplayed, newreleases, topsellers, upcomingreleases","Co-op, Multi-player, Online Co-op, Online PvP, PvP",N/A,Windows
1240440,Halo Infinite,"8 Dec, 2021",Free,Free,N/A,138679,68%,Mixed,"mostplayed, newreleases, topsellers, upcomingreleases","Cross-Platform Multiplayer, LAN PvP, Multi-player, Online PvP, PvP","Full Controller Support, Xbox Controller Support",Windows
1677280,Company of Heroes 3,"23 Feb, 2023",Rp 449 999,Rp 449 999,N/A,12974,62%,Mixed,"mostplayed, newreleases, topsellers, upcomingreleases","Co-op, Multi-player, Online Co-op, Online PvP, PvP, Singleplayer",N/A,Windows
815370,Green Hell,"5 Sep, 2019",Rp 65 835,Rp 65 835,N/A,26340,85%,Very Positive,"mostplayed, newreleases, topsellers, upcomingreleases","Co-op, Multi-player, Online Co-op, Singleplayer",Xbox Controller Support,Windows
4069520,Super Battle Golf,"19 Feb, 2026",Rp 61 000,Rp 61 000,N/A,6174,94%,Very Positive,"mostplayed, newreleases, topsellers, upcomingreleases","Co-op, Multi-player, Online Co-op, Online PvP, PvP, Singleplayer","DualShock Controller Support, Dualsense Controller Support, Full Controller Support, Xbox Controller Support",Windows
678950,DRAGON BALL FighterZ,"26 Jan, 2018",Rp 499 000,Rp 79 840,-84%,25982,91%,Very Positive,"mostplayed, newreleases, topsellers, upcomingreleases","Multi-player, Online PvP, PvP, Shared/Split Screen, Shared/Split Screen PvP, Singleplayer","Full Controller Support, Xbox Controller Support",Windows
1696780,Steam Deck Docking Station,"6 Oct, 2022",N/A,N/A,N/A,N/A,N/A,N/A,"mostplayed, newreleases, topsellers, upcomingreleases",N/A,N/A,"SteamOS + Linux, Windows, macOS"
1331550,Big Ambitions,"10 Mar, 2023",Rp 190 432,Rp 142 823,-25%,5311,92%,Very Positive,"mostplayed, newreleases, topsellers, upcomingreleases",Singleplayer,N/A,"Windows, macOS"
3061810,Like a Dragon: Pirate Yakuza in Hawaii,"20 Feb, 2025",Rp 650 000,Rp 162 500,-75%,3719,89%,Very Positive,"mostplayed, newreleases, topsellers, upcomingreleases",Singleplayer,"DualShock Controller Support, Dualsense Controller Support, Full Controller Support, Xbox Controller Support",Windows
784080,MechWarrior 5: Mercenaries,"26 May, 2021",Rp 139 999,Rp 139 999,N/A,10399,85%,Very Positive,"mostplayed, newreleases, topsellers, upcomingreleases","Co-op, Multi-player, Online Co-op, Singleplayer",Xbox Controller Support,Windows
3022790,RimWorld - Odyssey,"11 Jul, 2025",Rp 206 999,Rp 206 999,N/A,1974,92%,Very Positive,"mostplayed, newreleases, topsellers, upcomingreleases",Singleplayer,Xbox Controller Support,"SteamOS + Linux, Windows, macOS"
3656800,Train Sim World® 6,"30 Sep, 2025",Rp 299 999,Rp 299 999,N/A,1652,80%,Very Positive,"mostplayed, newreleases, topsellers, upcomingreleases",Singleplayer,Xbox Controller Support,Windows
1358700,STRANGER OF PARADISE FINAL FANTASY ORIGIN,"6 Apr, 2023",Rp 547 100,Rp 218 840,-60%,2154,86%,Very Positive,"mostplayed, newreleases, topsellers, upcomingreleases","Co-op, Multi-player, Online Co-op, Singleplayer",Xbox Controller Support,Windows
2213700,Sintopia,"16 Apr, 2026",Rp 400 000,Rp 320 000,-20%,781,80%,Very Positive,"mostplayed, newreleases, topsellers, upcomingreleases",Singleplayer,N/A,Windows
2157560,Granblue Fantasy Versus: Rising,"13 Dec, 2023",Rp 538 000,Rp 161 400,-70%,3688,88%,Very Positive,"mostplayed, newreleases, topsellers, upcomingreleases","Multi-player, Online PvP, PvP, Shared/Split Screen, Shared/Split Screen PvP, Singleplayer","DualShock Controller Support, Dualsense Controller Support, Xbox Controller Support",Windows
4160210,The Artisan of Glimmith,"17 Mar, 2026",Rp 114 999,Rp 97 749,-15%,1563,97%,Overwhelmingly Positive,"mostplayed, newreleases, topsellers, upcomingreleases",Singleplayer,"Full Controller Support, Steam Input API Support, Xbox Controller Support",Windows
3265700,Vampire Crawlers: The Turbo Wildcard from Vampire Survivors,"21 Apr, 2026",Rp 90 999,Rp 90 999,N/A,7735,95%,Overwhelmingly Positive,"mostplayed, newreleases, topsellers, upcomingreleases",Singleplayer,"DualShock Controller Support, Dualsense Controller Support, Full Controller Support, Xbox Controller Support","Windows, macOS"
1172710,Dune: Awakening,"10 Jun, 2025",Rp 579 000,Rp 579 000,N/A,45773,72%,Mostly Positive,"mostplayed, newreleases, topsellers, upcomingreleases","Co-op, Multi-player, Online Co-op, Singleplayer","Full Controller Support, Xbox Controller Support",Windows
3709430,Witch's Apocalyptic Journey,"4 Jun, 2026",Rp 82 499,Rp 65 999,-20%,800,84%,Very Positive,"mostplayed, newreleases, topsellers, upcomingreleases","Co-op, Multi-player, Online Co-op, Singleplayer",N/A,"Windows, macOS"
3326230,Hozy,"30 Mar, 2026",Rp 119 999,Rp 119 999,N/A,1478,79%,Mostly Positive,"mostplayed, newreleases, topsellers, upcomingreleases",Singleplayer,"DualShock Controller Support, Dualsense Controller Support, Xbox Controller Support","Windows, macOS"
3009300,Teamfight Manager 2,"25 May, 2026",Rp 165 999,Rp 165 999,N/A,1744,62%,Mixed,"mostplayed, newreleases, topsellers, upcomingreleases","Cross-Platform Multiplayer, Multi-player, Online PvP, PvP, Singleplayer",N/A,"SteamOS + Linux, Windows, macOS"
2215430,Ghost of Tsushima DIRECTOR'S CUT,"16 May, 2024",Rp 879 000,Rp 879 000,N/A,37506,93%,Very Positive,"mostplayed, newreleases, topsellers, upcomingreleases","Co-op, Multi-player, Online Co-op, Online PvP, PvP, Singleplayer","DualShock Controller Support, Dualsense Controller Support, Full Controller Support, Steam Input API Support, Xbox Controller Support",Windows
3868320,Forage Wizard,"5 May, 2026",Rp 67 499,Rp 53 999,-20%,906,85%,Very Positive,"mostplayed, newreleases, topsellers, upcomingreleases",Singleplayer,N/A,"Windows, macOS"
4735170,"5,000 Premier Pack - Rainbow Six Siege","4 Jun, 2026",Rp 589 000,Rp 589 000,N/A,20,45%,Mixed,"mostplayed, newreleases, topsellers, upcomingreleases","Co-op, Multi-player, Online Co-op, Online PvP, PvP, Singleplayer","DualShock Controller Support, Dualsense Controller Support, Full Controller Support, Xbox Controller Support",Windows
274170,Hotline Miami 2: Wrong Number,"10 Mar, 2015",Rp 130 999,Rp 19 649,-85%,24245,92%,Very Positive,"mostplayed, newreleases, topsellers, upcomingreleases",Singleplayer,"Full Controller Support, Xbox Controller Support","SteamOS + Linux, Windows, macOS"
1476970,IdleOn,"6 Nov, 2025",Free,Free,N/A,21188,76%,Mostly Positive,"mostplayed, newreleases, topsellers, upcomingreleases","Co-op, Cross-Platform Multiplayer, Multi-player, Online Co-op, Singleplayer",N/A,Windows
1164940,Trepang2,"21 Jun, 2023",Rp 349 999,Rp 87 499,-75%,11496,94%,Very Positive,"mostplayed, newreleases, topsellers, upcomingreleases",Singleplayer,"DualShock Controller Support, Dualsense Controller Support, Full Controller Support, Xbox Controller Support",Windows
275850,No Man's Sky,"12 Aug, 2016",Rp 449 999,Rp 449 999,N/A,181637,81%,Very Positive,"mostplayed, newreleases, topsellers, upcomingreleases","Co-op, Cross-Platform Multiplayer, Multi-player, Online Co-op, Online PvP, PvP, Singleplayer","DualShock Controller Support, Dualsense Controller Support, Full Controller Support, Steam Input API Support, Xbox Controller Support","Windows, macOS"
4318580,Dead by Daylight: Stranger Things Chapter 2,"27 Jan, 2026",Rp 131 890,Rp 131 890,N/A,777,68%,Mixed,"mostplayed, newreleases, topsellers, upcomingreleases","Co-op, Cross-Platform Multiplayer, Multi-player, Online Co-op, Online PvP, PvP","Full Controller Support, Steam Input API Support, Xbox Controller Support",Windows
3543180,DAVE THE DIVER - Ichiban's Holiday Content Pack,"10 Apr, 2025",Rp 65 000,Rp 19 500,-70%,454,47%,Mixed,topsellers,Singleplayer,"DualShock Controller Support, Dualsense Controller Support, Full Controller Support, Xbox Controller Support","Windows, macOS"
2625420,Drive Beyond Horizons,"24 Mar, 2025",Rp 206 999,Rp 206 999,N/A,6736,76%,Mostly Positive,"mostplayed, newreleases, topsellers, upcomingreleases","Co-op, Multi-player, Online Co-op, Singleplayer","DualShock Controller Support, Dualsense Controller Support, Full Controller Support, Steam Input API Support, Xbox Controller Support",Windows
3224770,Umamusume: Pretty Derby,"24 Jun, 2025",Free,Free,N/A,40096,93%,Very Positive,"mostplayed, newreleases, topsellers, upcomingreleases","Multi-player, Online PvP, PvP, Singleplayer","DualShock Controller Support, Dualsense Controller Support, Full Controller Support, Xbox Controller Support",Windows
3834090,YAPYAP,"3 Feb, 2026",Rp 90 999,Rp 90 999,N/A,3323,84%,Very Positive,"mostplayed, newreleases, topsellers, upcomingreleases","Co-op, Multi-player, Online Co-op, Singleplayer",N/A,"Windows, macOS"
1116050,Starminer,"27 May, 2026",Rp 254 999,Rp 254 999,N/A,1557,74%,Mostly Positive,"mostplayed, newreleases, topsellers, upcomingreleases",Singleplayer,N/A,Windows
933110,Age of Empires III: Definitive Edition,"15 Oct, 2020",Free,Free,N/A,18587,84%,Very Positive,"mostplayed, newreleases, topsellers, upcomingreleases","Cross-Platform Multiplayer, LAN PvP, Multi-player, Online PvP, PvP, Singleplayer",N/A,Windows
3669870,CONTROL Resonant,"24 Sep, 2026",Rp 699 999,Rp 699 999,N/A,N/A,N/A,N/A,"mostplayed, newreleases, topsellers, upcomingreleases",Singleplayer,"DualShock Controller Support, Dualsense Controller Support, Full Controller Support, Gamepad Preferred, Xbox Controller Support",Windows
3259780,FINAL FANTASY RESONANCE,"22 Oct, 2026",Rp 729 000,Rp 729 000,N/A,N/A,N/A,N/A,topsellers,Singleplayer,"Dualsense Controller Support, Full Controller Support, Steam Input API Support, Xbox Controller Support",Windows
4427420,TBH : Task Bar Hero - Hunter (Class),"27 May, 2026",Rp 49 499,Rp 49 499,N/A,72,44%,Mixed,"mostplayed, newreleases, topsellers, upcomingreleases",Singleplayer,N/A,Windows
1041320,Lords Mobile: Kingdom Wars,"2 Jun, 2019",Free,Free,N/A,1751,60%,Mixed,"mostplayed, newreleases, topsellers, upcomingreleases","Cross-Platform Multiplayer, Multi-player, Online PvP, PvP",N/A,Windows
2054970,Dragon's Dogma 2,"21 Mar, 2024",Rp 910 000,Rp 910 000,N/A,43587,67%,Mixed,"mostplayed, newreleases, topsellers, upcomingreleases",Singleplayer,"DualShock Controller Support, Dualsense Controller Support, Gamepad Preferred, Xbox Controller Support",Windows
1888930,The Last of Us™ Part I,"28 Mar, 2023",Rp 879 000,Rp 879 000,N/A,27956,83%,Very Positive,"mostplayed, newreleases, topsellers, upcomingreleases",Singleplayer,"DualShock Controller Support, Dualsense Controller Support, Full Controller Support, Gamepad Preferred, Xbox Controller Support",Windows
3008130,Dying Light: The Beast,"18 Sep, 2025",Rp 699 000,Rp 699 000,N/A,25557,88%,Very Positive,"mostplayed, newreleases, topsellers, upcomingreleases","Co-op, Multi-player, Online Co-op, Singleplayer","DualShock Controller Support, Dualsense Controller Support, Full Controller Support, Xbox Controller Support",Windows
594570,Total War: WARHAMMER II,"28 Sep, 2017",Rp 540 999,Rp 540 999,N/A,50706,93%,Very Positive,"mostplayed, newreleases, topsellers, upcomingreleases","Co-op, LAN Co-op, LAN PvP, Multi-player, Online Co-op, Online PvP, PvP, Singleplayer",N/A,"SteamOS + Linux, Windows, macOS"
698670,Scorn,"14 Oct, 2022",Rp 215 999,Rp 21 599,-90%,6622,75%,Mostly Positive,"mostplayed, newreleases, topsellers, upcomingreleases",Singleplayer,"Full Controller Support, Xbox Controller Support",Windows
4695140,Witchspire - Founder's Edition,"10 Jun, 2026",Rp 134 999,Rp 134 999,N/A,N/A,N/A,N/A,topsellers,"Co-op, Multi-player, Online Co-op, Singleplayer",Xbox Controller Support,Windows
4412690,Street Fighter™ 6 - Year 4 Ultimate Pass,"5 Jun, 2026",Rp 599 000,Rp 599 000,N/A,27,81%,Positive,"mostplayed, newreleases, topsellers, upcomingreleases","Cross-Platform Multiplayer, Multi-player, Online PvP, PvP, Shared/Split Screen, Shared/Split Screen PvP, Singleplayer",Xbox Controller Support,Windows
2531310,The Last of Us™ Part II Remastered,"3 Apr, 2025",Rp 729 000,Rp 729 000,N/A,13362,91%,Very Positive,"mostplayed, newreleases, topsellers, upcomingreleases",Singleplayer,"DualShock Controller Support, Dualsense Controller Support, Full Controller Support, Steam Input API Support, Xbox Controller Support",Windows
1348661,Expansion - Hearts of Iron IV: No Step Back,"23 Nov, 2021",Rp 225 999,Rp 112 999,-50%,1630,75%,Mostly Positive,"mostplayed, newreleases, topsellers, upcomingreleases","Co-op, Cross-Platform Multiplayer, Multi-player, Singleplayer",N/A,"SteamOS + Linux, Windows, macOS"
550470,NosTale - Anime MMORPG,"18 Sep, 2017",Free,Free,N/A,689,61%,Mixed,"mostplayed, newreleases, topsellers, upcomingreleases","Co-op, Multi-player, Online Co-op, Online PvP, PvP",N/A,Windows
2440510,Forza Motorsport,"9 Oct, 2023",Rp 759 000,Rp 379 500,-50%,5905,46%,Mixed,"mostplayed, newreleases, topsellers, upcomingreleases","Cross-Platform Multiplayer, Multi-player, Online PvP, PvP, Singleplayer","Full Controller Support, Xbox Controller Support",Windows
3144890,Age of Empires IV: Knights of Cross and Rose,"8 Apr, 2025",Rp 212 000,Rp 106 000,-50%,1357,57%,Mixed,"mostplayed, newreleases, topsellers, upcomingreleases","Co-op, Cross-Platform Multiplayer, Multi-player, Online Co-op, Online PvP, PvP, Singleplayer",N/A,Windows
1206560,WorldBox - God Simulator,"2 Dec, 2021",Rp 165 999,Rp 165 999,N/A,28645,96%,Overwhelmingly Positive,"mostplayed, newreleases, topsellers, upcomingreleases",Singleplayer,N/A,"SteamOS + Linux, Windows, macOS"
3164330,Infinity Nikki,"28 Apr, 2025",Free,Free,N/A,5154,55%,Mixed,"mostplayed, newreleases, topsellers, upcomingreleases","Co-op, Cross-Platform Multiplayer, Multi-player, Singleplayer","DualShock Controller Support, Dualsense Controller Support, Xbox Controller Support",Windows
2863680,ZERO PARADES: For Dead Spies,"21 May, 2026",Rp 309 999,Rp 309 999,N/A,1784,82%,Very Positive,"mostplayed, newreleases, topsellers, upcomingreleases",Singleplayer,"DualShock Controller Support, Dualsense Controller Support, Xbox Controller Support",Windows
3917090,Assetto Corsa Rally,"13 Nov, 2025",Rp 245 999,Rp 196 799,-20%,3873,85%,Very Positive,"mostplayed, newreleases, topsellers, upcomingreleases",Singleplayer,"Full Controller Support, Gamepad Preferred, Xbox Controller Support",Windows
2536520,Diablo II: Resurrected – Infernal Edition,"11 Feb, 2026",Rp 499 000,Rp 499 000,N/A,3185,86%,Very Positive,"mostplayed, newreleases, topsellers, upcomingreleases","Co-op, Cross-Platform Multiplayer, Multi-player, Online Co-op, Singleplayer","Full Controller Support, Xbox Controller Support",Windows
3302470,Oxygen Not Included: The Bionic Booster Pack,"12 Dec, 2024",Rp 74 000,Rp 62 900,-15%,255,74%,Mostly Positive,"mostplayed, newreleases, topsellers, upcomingreleases",Singleplayer,N/A,"SteamOS + Linux, Windows, macOS"
1912410,Minecraft Dungeons II,"29 Sep, 2026",Rp 399 000,Rp 399 000,N/A,N/A,N/A,N/A,topsellers,"Co-op, Cross-Platform Multiplayer, Multi-player, Online Co-op, Shared/Split Screen, Shared/Split Screen Co-op, Singleplayer",Xbox Controller Support,Windows
3199170,Blood Strike,"13 Mar, 2025",Free,Free,N/A,6057,77%,Mostly Positive,"mostplayed, newreleases, topsellers, upcomingreleases","Co-op, Cross-Platform Multiplayer, Multi-player, Online Co-op, Online PvP, PvP",Xbox Controller Support,Windows
49520,Borderlands 2,"20 Sep, 2012",Rp 135 999,Rp 33 999,-75%,122339,90%,Very Positive,"mostplayed, newreleases, topsellers, upcomingreleases","Co-op, Multi-player, Singleplayer","Full Controller Support, Xbox Controller Support","SteamOS + Linux, Windows, macOS"
339340,Resident Evil 0,"19 Jan, 2016",Rp 259 000,Rp 64 750,-75%,5451,75%,Mostly Positive,"mostplayed, newreleases, topsellers, upcomingreleases",Singleplayer,"Full Controller Support, Xbox Controller Support",Windows
1465460,Infection Free Zone,"11 Apr, 2024",Rp 169 000,Rp 118 300,-30%,6833,84%,Very Positive,"mostplayed, newreleases, topsellers, upcomingreleases",Singleplayer,N/A,Windows
3438850,Sledding Game,"30 Apr, 2026",Rp 67 500,Rp 54 000,-20%,2050,97%,Overwhelmingly Positive,"mostplayed, newreleases, topsellers, upcomingreleases","Co-op, Multi-player, Online Co-op, Singleplayer",N/A,Windows
400750,Call to Arms - Gates of Hell: Ostfront,"11 Jun, 2021",Rp 284 999,Rp 284 999,N/A,12617,86%,Very Positive,"mostplayed, newreleases, topsellers, upcomingreleases","Co-op, Multi-player, Online Co-op, Online PvP, PvP, Singleplayer",Xbox Controller Support,Windows
374320,DARK SOULS™ III,"11 Apr, 2016",Rp 587 000,Rp 587 000,N/A,106458,94%,Very Positive,"mostplayed, newreleases, topsellers, upcomingreleases","Co-op, Multi-player, Singleplayer","Full Controller Support, Xbox Controller Support",Windows
218620,PAYDAY 2,"13 Aug, 2013",Rp 84 500,Rp 84 500,N/A,174536,87%,Very Positive,"mostplayed, newreleases, topsellers, upcomingreleases","Co-op, Multi-player, Online Co-op, Singleplayer","Full Controller Support, Xbox Controller Support","SteamOS + Linux, Windows"
1721470,Poppy Playtime,"12 Oct, 2021",Free,Free,N/A,60942,88%,Very Positive,"mostplayed, newreleases, topsellers, upcomingreleases",Singleplayer,N/A,Windows
2700340,X4: Timelines,"20 Jun, 2024",Rp 130 999,Rp 78 599,-40%,1182,44%,Mixed,"mostplayed, newreleases, topsellers, upcomingreleases",Singleplayer,"DualShock Controller Support, Dualsense Controller Support, Full Controller Support, Xbox Controller Support","SteamOS + Linux, Windows"
2881650,Content Warning,"1 Apr, 2024",Rp 67 500,Rp 67 500,N/A,34022,93%,Very Positive,"mostplayed, newreleases, topsellers, upcomingreleases","Co-op, Multi-player, Online Co-op","DualShock Controller Support, Dualsense Controller Support, Xbox Controller Support",Windows
219150,Hotline Miami,"23 Oct, 2012",Rp 90 999,Rp 9 099,-90%,41021,96%,Overwhelmingly Positive,"mostplayed, newreleases, topsellers, upcomingreleases",Singleplayer,"Full Controller Support, Xbox Controller Support","SteamOS + Linux, Windows, macOS"
1996840,Guild Wars 2® Heart of Thorns® and Path of Fire™ Expansions,"23 Aug, 2022",Rp 435 553,Rp 435 553,N/A,310,79%,Mostly Positive,"mostplayed, newreleases, topsellers, upcomingreleases","Co-op, Multi-player, Online Co-op, Online PvP, PvP",N/A,Windows
212500,The Lord of the Rings Online™,"6 Jun, 2012",Free,Free,N/A,14355,81%,Very Positive,"mostplayed, newreleases, topsellers","Co-op, Multi-player, PvP",Xbox Controller Support,Windows
1173820,FINAL FANTASY VI,"23 Feb, 2022",Rp 239 000,Rp 143 400,-40%,2996,93%,Very Positive,"mostplayed, newreleases, topsellers, upcomingreleases",Singleplayer,Xbox Controller Support,Windows
3720100,ARK: Lost Colony Expansion Pass,"18 Jun, 2025",Rp 494 114,Rp 494 114,N/A,994,37%,Mostly Negative,"mostplayed, newreleases, topsellers, upcomingreleases","Co-op, Cross-Platform Multiplayer, LAN Co-op, LAN PvP, Multi-player, Online Co-op, Online PvP, PvP, Shared/Split Screen, Shared/Split Screen Co-op, Singleplayer","Full Controller Support, Xbox Controller Support",Windows
2584990,Shadowverse: Worlds Beyond,"14 Jun, 2025",Free,Free,N/A,6431,37%,Mostly Negative,"mostplayed, newreleases, topsellers, upcomingreleases","Cross-Platform Multiplayer, Multi-player, Online PvP, PvP, Singleplayer","DualShock Controller Support, Dualsense Controller Support, Xbox Controller Support",Windows
1117850,Cuphead - The Delicious Last Course,"30 Jun, 2022",Rp 59 999,Rp 35 999,-40%,1917,94%,Very Positive,"mostplayed, newreleases, topsellers, upcomingreleases","Co-op, Multi-player, Shared/Split Screen, Shared/Split Screen Co-op, Singleplayer","Full Controller Support, Xbox Controller Support","Windows, macOS"
2397300,Half Sword,"30 Jan, 2026",Rp 206 999,Rp 206 999,N/A,17948,66%,Mixed,"mostplayed, newreleases, topsellers, upcomingreleases",Singleplayer,N/A,Windows
99900,Spiral Knights,"14 Jun, 2011",Free,Free,N/A,14943,82%,Very Positive,"mostplayed, newreleases, topsellers, upcomingreleases","Co-op, Multi-player, Singleplayer",Xbox Controller Support,"Windows, macOS"
870780,CONTROL Ultimate Edition,"27 Aug, 2020",Rp 299 999,Rp 299 999,N/A,24669,88%,Very Positive,"mostplayed, newreleases, topsellers, upcomingreleases",Singleplayer,"Full Controller Support, Xbox Controller Support","Windows, macOS"
3969080,MapleStory M,"18 Mar, 2026",Free,Free,N/A,132,37%,Mostly Negative,topsellers,"Co-op, Multi-player, Online Co-op",N/A,N/A
1096530,Solasta: Crown of the Magister,"27 May, 2021",Rp 245 999,Rp 61 499,-75%,13505,87%,Very Positive,"mostplayed, newreleases, topsellers, upcomingreleases","Co-op, Cross-Platform Multiplayer, Multi-player, Online Co-op, Singleplayer","Full Controller Support, Xbox Controller Support","Windows, macOS"
2277560,WUCHANG: Fallen Feathers,"23 Jul, 2025",Rp 707 999,Rp 495 599,-30%,5199,72%,Mostly Positive,"mostplayed, newreleases, topsellers, upcomingreleases",Singleplayer,"Dualsense Controller Support, Full Controller Support, Gamepad Preferred, Xbox Controller Support",Windows
289070,Sid Meier’s Civilization® VI,"20 Oct, 2016",Rp 449 999,Rp 449 999,N/A,106441,84%,Very Positive,"mostplayed, newreleases, topsellers, upcomingreleases","Cross-Platform Multiplayer, LAN PvP, Multi-player, Online PvP, PvP, Shared/Split Screen, Shared/Split Screen PvP, Singleplayer",N/A,"SteamOS + Linux, Windows, macOS"
3415230,Witchy Business,"22 Sep, 2025",Rp 130 999,Rp 65 499,-50%,695,87%,Very Positive,topsellers,Singleplayer,N/A,"SteamOS + Linux, Windows, macOS"
1604030,V Rising,"8 May, 2024",Rp 284 999,Rp 284 999,N/A,54350,89%,Very Positive,"mostplayed, newreleases, topsellers, upcomingreleases","Co-op, LAN Co-op, LAN PvP, Multi-player, Online Co-op, Online PvP, PvP, Singleplayer","DualShock Controller Support, Dualsense Controller Support, Xbox Controller Support",Windows
3219700,Age of Empires II: DE – The Last Chieftains,"17 Feb, 2026",Rp 229 999,Rp 154 099,-33%,475,49%,Mixed,"mostplayed, newreleases, topsellers, upcomingreleases","Co-op, Cross-Platform Multiplayer, LAN Co-op, LAN PvP, Multi-player, Online Co-op, Online PvP, PvP, Singleplayer",N/A,"Windows, macOS"
2827200,MIMESIS,"27 Oct, 2025",Rp 90 999,Rp 90 999,N/A,1889,79%,Mostly Positive,"mostplayed, newreleases, topsellers, upcomingreleases","Co-op, Multi-player, Online Co-op","DualShock Controller Support, Dualsense Controller Support, Full Controller Support, Xbox Controller Support",Windows
3024040,Stronghold Crusader: Definitive Edition,"15 Jul, 2025",Rp 165 999,Rp 165 999,N/A,3484,90%,Very Positive,"mostplayed, newreleases, topsellers, upcomingreleases","Co-op, Multi-player, Online Co-op, Online PvP, PvP, Singleplayer",N/A,Windows
3412160,The House Always Wins,"21 May, 2026",Rp 99 999,Rp 99 999,N/A,623,84%,Very Positive,"mostplayed, newreleases, topsellers, upcomingreleases","Co-op, Multi-player, Online Co-op, Singleplayer",N/A,Windows
3651200,Jurassic World Evolution 3: Deluxe Upgrade Pack,"21 Oct, 2025",Rp 199 999,Rp 133 999,-33%,59,83%,Very Positive,"mostplayed, newreleases, topsellers, upcomingreleases",Singleplayer,"Full Controller Support, Xbox Controller Support",Windows
2933130,The Lord of the Rings: Return to Moria™,"27 Aug, 2024",Rp 245 999,Rp 110 699,-55%,6565,80%,Very Positive,"mostplayed, newreleases, topsellers, upcomingreleases","Co-op, Cross-Platform Multiplayer, Multi-player, Online Co-op, Singleplayer","Full Controller Support, Xbox Controller Support",Windows
993090,Lossless Scaling,"28 Dec, 2018",Rp 65 000,Rp 65 000,N/A,15684,93%,Very Positive,"mostplayed, newreleases, topsellers, upcomingreleases",N/A,N/A,Windows
2742830,Monster Train 2,"21 May, 2025",Rp 206 999,Rp 144 899,-30%,4885,95%,Overwhelmingly Positive,"mostplayed, newreleases, topsellers, upcomingreleases",Singleplayer,"DualShock Controller Support, Dualsense Controller Support, Full Controller Support, Steam Input API Support, Xbox Controller Support","Windows, macOS"
641990,The Escapists 2,"21 Aug, 2017",Rp 175 000,Rp 43 750,-75%,11213,91%,Very Positive,"mostplayed, newreleases, topsellers, upcomingreleases","Co-op, Multi-player, Online Co-op, Online PvP, PvP, Shared/Split Screen, Shared/Split Screen Co-op, Shared/Split Screen PvP, Singleplayer","Full Controller Support, Xbox Controller Support","SteamOS + Linux, Windows, macOS"
1817070,Marvel’s Spider-Man Remastered,"12 Aug, 2022",Rp 879 000,Rp 879 000,N/A,53296,96%,Overwhelmingly Positive,"mostplayed, newreleases, topsellers, upcomingreleases",Singleplayer,"DualShock Controller Support, Dualsense Controller Support, Steam Input API Support, Xbox Controller Support",Windows
2437170,SMITE 2,"27 Aug, 2024",Free,Free,N/A,14380,54%,Mixed,"mostplayed, newreleases, topsellers, upcomingreleases","Co-op, Cross-Platform Multiplayer, Multi-player, Online Co-op, Online PvP, PvP","DualShock Controller Support, Dualsense Controller Support, Full Controller Support, Xbox Controller Support",Windows
2840770,Avatar: Frontiers of Pandora™,"17 Jun, 2024",Rp 349 000,Rp 349 000,N/A,7928,77%,Mostly Positive,"mostplayed, newreleases, topsellers, upcomingreleases","Co-op, Multi-player, Online Co-op, Singleplayer","DualShock Controller Support, Dualsense Controller Support, Xbox Controller Support",Windows
1030830,Mafia II: Definitive Edition,"19 May, 2020",Rp 345 000,Rp 69 000,-80%,8448,75%,Mostly Positive,"mostplayed, newreleases, topsellers, upcomingreleases",Singleplayer,"Full Controller Support, Xbox Controller Support",Windows
2780810,Euro Truck Simulator 2 - Nordic Horizons,"27 Nov, 2025",Rp 162 999,Rp 162 999,N/A,1193,92%,Very Positive,"mostplayed, newreleases, topsellers, upcomingreleases","Co-op, Multi-player, Online Co-op, Singleplayer","Steam Input API Support, Xbox Controller Support","SteamOS + Linux, Windows, macOS"
3097560,Liar's Bar,"2 Oct, 2024",Rp 65 000,Rp 65 000,N/A,15005,89%,Very Positive,"mostplayed, newreleases, topsellers, upcomingreleases","Co-op, Multi-player, Online Co-op, Online PvP, PvP",N/A,Windows
2183930,Expansion - Hearts of Iron IV: Arms Against Tyranny,"10 Oct, 2023",Rp 225 999,Rp 112 999,-50%,1932,56%,Mixed,"mostplayed, newreleases, topsellers, upcomingreleases","Co-op, Cross-Platform Multiplayer, Multi-player, Singleplayer",N/A,"SteamOS + Linux, Windows, macOS"
3558670,Tomb Raider: Legacy of Atlantis,"12 Feb, 2027",Rp 779 000,Rp 779 000,N/A,N/A,N/A,N/A,"mostplayed, newreleases, topsellers, upcomingreleases",Singleplayer,"Dualsense Controller Support, Full Controller Support, Gamepad Preferred, Xbox Controller Support",Windows
3609080,StarSavior,"10 Dec, 2025",Free,Free,N/A,1148,72%,Mostly Positive,"mostplayed, newreleases, topsellers, upcomingreleases","Cross-Platform Multiplayer, Multi-player, Online PvP, PvP, Singleplayer",N/A,Windows
3710840,House Flipper Remastered Collection,"4 Jun, 2026",Rp 375 999,Rp 338 399,-10%,485,65%,Mixed,"mostplayed, newreleases, topsellers, upcomingreleases",Singleplayer,"Full Controller Support, Xbox Controller Support","Windows, macOS"
202970,Call of Duty®: Black Ops II,"12 Nov, 2012",Rp 891 000,Rp 891 000,N/A,12387,84%,Very Positive,"mostplayed, newreleases, topsellers, upcomingreleases","Co-op, Multi-player, Singleplayer","Full Controller Support, Xbox Controller Support",Windows
1237950,STAR WARS™ Battlefront™ II,"11 Jun, 2020",Rp 479 000,Rp 479 000,N/A,51265,87%,Very Positive,"mostplayed, newreleases, topsellers, upcomingreleases","Multi-player, Online PvP, PvP, Singleplayer",N/A,Windows
261570,Ori and the Blind Forest,"10 Mar, 2015",N/A,N/A,N/A,13474,95%,Overwhelmingly Positive,"mostplayed, newreleases, topsellers, upcomingreleases",Singleplayer,"Full Controller Support, Xbox Controller Support",Windows
2058190,Lost Judgment,"14 Sep, 2022",Rp 429 000,Rp 150 150,-65%,3668,95%,Overwhelmingly Positive,"mostplayed, newreleases, topsellers, upcomingreleases",Singleplayer,"DualShock Controller Support, Dualsense Controller Support, Full Controller Support, Xbox Controller Support",Windows
2474770,Momento,"6 Jun, 2026",Rp 170 000,Rp 144 500,-15%,92,92%,Very Positive,"mostplayed, newreleases, topsellers, upcomingreleases",Singleplayer,"DualShock Controller Support, Dualsense Controller Support, Xbox Controller Support","Windows, macOS"
2325290,Sky: Children of the Light,"10 Apr, 2024",Free,Free,N/A,11373,86%,Very Positive,"mostplayed, newreleases, topsellers, upcomingreleases","Co-op, Cross-Platform Multiplayer, Multi-player, Online Co-op, Singleplayer","DualShock Controller Support, Dualsense Controller Support, Full Controller Support, Xbox Controller Support",Windows
3123410,Atelier Yumia: The Alchemist of Memories & the Envisioned Land,"20 Mar, 2025",Rp 945 000,Rp 538 650,-43%,611,73%,Mostly Positive,"mostplayed, newreleases, topsellers, upcomingreleases",Singleplayer,"Full Controller Support, Xbox Controller Support",Windows
1314563,Destiny 2: Beyond Light Pack,"10 Nov, 2020",Rp 229 999,Rp 11 499,-95%,3063,51%,Mixed,"mostplayed, newreleases, topsellers, upcomingreleases","Co-op, Multi-player, Online Co-op, Online PvP, PvP, Singleplayer","Full Controller Support, Xbox Controller Support",Windows
3531720,ELDEN RING NIGHTREIGN The Forsaken Hollows,"3 Dec, 2025",Rp 150 000,Rp 150 000,N/A,3627,56%,Mixed,"mostplayed, newreleases, topsellers, upcomingreleases","Co-op, Multi-player, Online Co-op, Singleplayer","DualShock Controller Support, Dualsense Controller Support, Full Controller Support, Gamepad Preferred, Steam Input API Support, Xbox Controller Support",Windows
1963610,Road to Vostok,"7 Apr, 2026",Rp 165 999,Rp 165 999,N/A,5394,85%,Very Positive,"mostplayed, newreleases, topsellers, upcomingreleases",Singleplayer,N/A,Windows
1426300,The Binding of Isaac: Repentance,"30 Mar, 2021",Rp 340 996,Rp 340 996,N/A,6522,82%,Very Positive,"mostplayed, newreleases, topsellers, upcomingreleases","Multi-player, Shared/Split Screen, Singleplayer","Full Controller Support, Xbox Controller Support",Windows
985810,GrandChase,"27 Jul, 2021",Free,Free,N/A,5235,64%,Mixed,"mostplayed, newreleases, topsellers, upcomingreleases","Co-op, Multi-player, PvP","Dualsense Controller Support, Steam Input API Support, Xbox Controller Support",Windows
837470,Untitled Goose Game,"23 Sep, 2020",Rp 169 000,Rp 67 600,-60%,10024,96%,Overwhelmingly Positive,"newreleases, topsellers, upcomingreleases","Co-op, Multi-player, Shared/Split Screen, Shared/Split Screen Co-op, Singleplayer","DualShock Controller Support, Full Controller Support, Xbox Controller Support","Windows, macOS"
1384160,GUILTY GEAR -STRIVE-,"11 Jun, 2021",Rp 548 900,Rp 548 900,N/A,32333,91%,Very Positive,"mostplayed, newreleases, topsellers, upcomingreleases","Multi-player, Online PvP, PvP, Shared/Split Screen, Shared/Split Screen PvP, Singleplayer","DualShock Controller Support, Dualsense Controller Support, Full Controller Support, Xbox Controller Support",Windows
2379740,Wizardry Variants Daphne,"5 Mar, 2025",Free,Free,N/A,1309,64%,Mixed,"mostplayed, newreleases, topsellers, upcomingreleases",Singleplayer,Xbox Controller Support,Windows
2952300,Oxygen Not Included: The Frosty Planet Pack,"18 Jul, 2024",Rp 74 000,Rp 59 200,-20%,490,86%,Very Positive,topsellers,Singleplayer,N/A,"SteamOS + Linux, Windows, macOS"
1880650,Expansion - Hearts of Iron IV: By Blood Alone,"27 Sep, 2022",Rp 225 999,Rp 112 999,-50%,1414,38%,Mostly Negative,topsellers,"Co-op, Cross-Platform Multiplayer, Multi-player, Singleplayer",N/A,"SteamOS + Linux, Windows, macOS"
2943650,FragPunk,"6 Mar, 2025",Free,Free,N/A,23633,75%,Mostly Positive,"mostplayed, newreleases, topsellers, upcomingreleases","Co-op, Multi-player, Online Co-op, Online PvP, PvP","DualShock Controller Support, Dualsense Controller Support, Full Controller Support, Xbox Controller Support",Windows
4427400,TBH : Task Bar Hero - 3 Stash Pack,"27 May, 2026",Rp 29 999,Rp 29 999,N/A,44,54%,Mixed,"mostplayed, newreleases, topsellers, upcomingreleases",Singleplayer,N/A,Windows
2963800,DrainSim,"3 Mar, 2026",Rp 179 000,Rp 179 000,N/A,1954,91%,Very Positive,"mostplayed, newreleases, topsellers, upcomingreleases",Singleplayer,"Full Controller Support, Xbox Controller Support",Windows
655500,MX Bikes,"7 Oct, 2019",Rp 284 999,Rp 284 999,N/A,24888,94%,Very Positive,"mostplayed, newreleases, topsellers, upcomingreleases","LAN PvP, Multi-player, Online PvP, PvP, Singleplayer","Gamepad Preferred, Xbox Controller Support",Windows
1783560,The Last Caretaker,"6 Nov, 2025",Rp 270 999,Rp 270 999,N/A,7293,85%,Very Positive,"mostplayed, newreleases, topsellers, upcomingreleases",Singleplayer,"DualShock Controller Support, Dualsense Controller Support, Full Controller Support, Xbox Controller Support",Windows
513710,SCUM,"17 Jun, 2025",Rp 469 999,Rp 469 999,N/A,37642,73%,Mostly Positive,"mostplayed, newreleases, topsellers, upcomingreleases","Co-op, Multi-player, Online Co-op, Online PvP, PvP, Singleplayer",N/A,Windows
1826140,RimWorld - Biotech,"21 Oct, 2022",Rp 206 999,Rp 206 999,N/A,2021,93%,Very Positive,"mostplayed, newreleases, topsellers, upcomingreleases",Singleplayer,N/A,"SteamOS + Linux, Windows, macOS"
2185060,Two Point Museum,"4 Mar, 2025",Rp 364 499,Rp 354 374,-3%,4681,95%,Overwhelmingly Positive,"mostplayed, newreleases, topsellers, upcomingreleases",Singleplayer,"DualShock Controller Support, Dualsense Controller Support, Full Controller Support, Xbox Controller Support","SteamOS + Linux, Windows, macOS"
2688950,Planet Coaster 2,"6 Nov, 2024",Rp 375 999,Rp 375 999,N/A,7960,72%,Mostly Positive,"mostplayed, newreleases, topsellers, upcomingreleases",Singleplayer,"Full Controller Support, Xbox Controller Support",Windows
3929630,Terrinoth®: Heroes of Descent,"7 Jun, 2026",Rp 199 999,Rp 169 999,-15%,160,73%,Mostly Positive,"mostplayed, newreleases, topsellers, upcomingreleases","Co-op, Multi-player, Online Co-op, Singleplayer","Dualsense Controller Support, Xbox Controller Support","Windows, macOS"
107410,Arma 3,"12 Sep, 2013",Rp 379 999,Rp 379 999,N/A,110591,91%,Very Positive,"mostplayed, newreleases, topsellers, upcomingreleases","Co-op, LAN Co-op, LAN PvP, Multi-player, Online Co-op, Online PvP, PvP, Singleplayer",N/A,"Windows, macOS"
1448440,Wo Long: Fallen Dynasty,"3 Mar, 2023",Rp 540 000,Rp 270 000,-50%,3385,71%,Mostly Positive,"mostplayed, newreleases, topsellers, upcomingreleases","Co-op, Multi-player, Online Co-op, Online PvP, PvP, Singleplayer","DualShock Controller Support, Dualsense Controller Support, Xbox Controller Support",Windows
2904000,The Spell Brigade,"29 Apr, 2026",Rp 115 000,Rp 115 000,N/A,4664,86%,Very Positive,"mostplayed, newreleases, topsellers, upcomingreleases","Co-op, Cross-Platform Multiplayer, Multi-player, Online Co-op, Singleplayer","DualShock Controller Support, Dualsense Controller Support, Gamepad Preferred, Xbox Controller Support",Windows
1090200,Destiny 2: Shadowkeep Pack,"1 Oct, 2019",Rp 229 999,Rp 11 499,-95%,2533,38%,Mostly Negative,topsellers,"Co-op, Multi-player, Online Co-op, Online PvP, PvP, Singleplayer","Full Controller Support, Xbox Controller Support",Windows
2835570,Buckshot Roulette,"4 Apr, 2024",Rp 28 999,Rp 28 999,N/A,34588,96%,Overwhelmingly Positive,"mostplayed, newreleases, topsellers, upcomingreleases","Multi-player, Online PvP, PvP, Singleplayer","DualShock Controller Support, Dualsense Controller Support, Xbox Controller Support","SteamOS + Linux, Windows"
4351410,House Flipper 2 - Sakura DLC,"21 May, 2026",Rp 130 999,Rp 130 999,N/A,106,75%,Mostly Positive,"mostplayed, newreleases, topsellers, upcomingreleases","Co-op, Cross-Platform Multiplayer, LAN Co-op, Multi-player, Online Co-op, Singleplayer","DualShock Controller Support, Dualsense Controller Support, Full Controller Support, Xbox Controller Support",Windows
3070070,TCG Card Shop Simulator,"15 Sep, 2024",Rp 114 999,Rp 114 999,N/A,32497,97%,Overwhelmingly Positive,"mostplayed, newreleases, topsellers, upcomingreleases",Singleplayer,"DualShock Controller Support, Dualsense Controller Support, Full Controller Support, Xbox Controller Support",Windows
1689500,Dune: Imperium,"13 Mar, 2024",Rp 190 432,Rp 190 432,N/A,2183,94%,Very Positive,"mostplayed, newreleases, topsellers, upcomingreleases","Cross-Platform Multiplayer, Multi-player, Online PvP, PvP, Singleplayer","DualShock Controller Support, Dualsense Controller Support, Full Controller Support, Xbox Controller Support","Windows, macOS"
1282270,Strinova,"21 Nov, 2024",Free,Free,N/A,10931,77%,Mostly Positive,"mostplayed, newreleases, topsellers, upcomingreleases","Co-op, Cross-Platform Multiplayer, Multi-player, Online Co-op, Online PvP, PvP",N/A,Windows
1090150,Destiny 2: Forsaken Pack,"1 Oct, 2019",Rp 229 999,Rp 11 499,-95%,1975,43%,Mixed,topsellers,"Co-op, Multi-player, Online Co-op, Online PvP, PvP, Singleplayer","Full Controller Support, Xbox Controller Support",Windows
1267540,WRC 9 FIA World Rally Championship,"16 Sep, 2021",Rp 229 999,Rp 22 999,-90%,496,79%,Mostly Positive,topsellers,"Co-op, Cross-Platform Multiplayer, Multi-player, Online Co-op, Online PvP, PvP, Shared/Split Screen, Shared/Split Screen PvP, Singleplayer","Full Controller Support, Xbox Controller Support",Windows
3527760,RoboCop: Rogue City - Unfinished Business,"17 Jul, 2025",Rp 320 999,Rp 320 999,N/A,1790,82%,Very Positive,topsellers,Singleplayer,"DualShock Controller Support, Dualsense Controller Support, Full Controller Support, Xbox Controller Support",Windows
3414580,Forbidden Solitaire,"30 Apr, 2026",Rp 144 999,Rp 115 999,-20%,1445,96%,Overwhelmingly Positive,"mostplayed, newreleases, topsellers, upcomingreleases",N/A,N/A,Windows
360430,Mafia III: Definitive Edition,"19 May, 2020",Rp 345 000,Rp 69 000,-80%,16187,60%,Mixed,"mostplayed, newreleases, topsellers, upcomingreleases",Singleplayer,"Full Controller Support, Xbox Controller Support","Windows, macOS"
4131660,Jurassic World Evolution 3: Wetlands,"9 Dec, 2025",Rp 126 999,Rp 85 089,-33%,72,80%,Very Positive,"mostplayed, newreleases, topsellers, upcomingreleases",Singleplayer,"Full Controller Support, Xbox Controller Support",Windows
3940610,EA SPORTS™ Madden NFL 27,"13 Aug, 2026",Rp 799 000,Rp 799 000,N/A,N/A,N/A,N/A,topsellers,"Co-op, Cross-Platform Multiplayer, Multi-player, Online Co-op, Online PvP, PvP, Shared/Split Screen, Shared/Split Screen Co-op, Shared/Split Screen PvP, Singleplayer","DualShock Controller Support, Dualsense Controller Support, Full Controller Support, Gamepad Preferred, Xbox Controller Support",Windows
851850,DRAGON BALL Z: KAKAROT,"16 Jan, 2020",Rp 199 000,Rp 149 250,-25%,17868,92%,Very Positive,"mostplayed, newreleases, topsellers, upcomingreleases",Singleplayer,"Full Controller Support, Xbox Controller Support",Windows
4078200,Dwarf Eats Mountain,"18 May, 2026",Rp 49 999,Rp 49 999,N/A,755,81%,Very Positive,"mostplayed, newreleases, topsellers, upcomingreleases",Singleplayer,N/A,"SteamOS + Linux, Windows"
4038930,DYNASTY WARRIORS: ORIGINS Visions of Four Heroes,"21 Jan, 2026",Rp 473 000,Rp 354 750,-25%,1084,60%,Mixed,"mostplayed, newreleases, topsellers, upcomingreleases",Singleplayer,"Full Controller Support, Xbox Controller Support",Windows
2168680,Nuclear Option,"15 Oct, 2023",Rp 174 999,Rp 174 999,N/A,7247,95%,Overwhelmingly Positive,"mostplayed, newreleases, topsellers, upcomingreleases","Co-op, Multi-player, Online Co-op, Online PvP, PvP, Singleplayer","DualShock Controller Support, Dualsense Controller Support, Xbox Controller Support",Windows
572890,Pikuniku,"24 Jan, 2019",Rp 114 999,Rp 28 749,-75%,3754,95%,Overwhelmingly Positive,topsellers,"Co-op, Multi-player, PvP, Shared/Split Screen, Shared/Split Screen Co-op, Shared/Split Screen PvP, Singleplayer",Xbox Controller Support,"SteamOS + Linux, Windows, macOS"
236850,Europa Universalis IV,"13 Aug, 2013",Rp 563 999,Rp 563 999,N/A,47551,87%,Very Positive,"mostplayed, newreleases, topsellers, upcomingreleases","Co-op, Cross-Platform Multiplayer, Multi-player, Online Co-op, Online PvP, PvP, Singleplayer",N/A,"SteamOS + Linux, Windows, macOS"
1040200,Crime Scene Cleaner,"14 Aug, 2024",Rp 220 000,Rp 220 000,N/A,14873,98%,Overwhelmingly Positive,"mostplayed, newreleases, topsellers, upcomingreleases",Singleplayer,"Full Controller Support, Xbox Controller Support",Windows
4046960,Car Dealer Simulator - Up 2 You DLC,"4 Jun, 2026",Rp 104 357,Rp 93 921,-10%,138,61%,Mixed,"mostplayed, newreleases, topsellers, upcomingreleases",Singleplayer,"Full Controller Support, Xbox Controller Support",Windows
570940,DARK SOULS™: REMASTERED,"23 May, 2018",Rp 420 000,Rp 420 000,N/A,48029,91%,Very Positive,"mostplayed, newreleases, topsellers, upcomingreleases","Multi-player, Singleplayer","Full Controller Support, Xbox Controller Support",Windows
712640,Don't Starve: Hamlet,"8 Nov, 2018",Rp 52 999,Rp 26 499,-50%,1414,86%,Very Positive,topsellers,Singleplayer,"Full Controller Support, Xbox Controller Support","SteamOS + Linux, Windows, macOS"
364360,Total War: WARHAMMER,"24 May, 2016",Rp 540 999,Rp 540 999,N/A,18136,82%,Very Positive,"mostplayed, newreleases, topsellers, upcomingreleases","Co-op, LAN Co-op, LAN PvP, Multi-player, Online Co-op, Online PvP, PvP, Singleplayer",N/A,"SteamOS + Linux, Windows, macOS"
521890,Hello Neighbor,"8 Dec, 2017",Rp 245 999,Rp 49 199,-80%,9854,83%,Very Positive,"mostplayed, newreleases, topsellers, upcomingreleases",Singleplayer,"Full Controller Support, Xbox Controller Support",Windows
4078590,The Planet Crafter - Toxicity,"17 Nov, 2025",Rp 88 800,Rp 66 600,-25%,446,87%,Very Positive,"mostplayed, newreleases, topsellers, upcomingreleases","Co-op, Multi-player, Online Co-op, Singleplayer","DualShock Controller Support, Dualsense Controller Support, Full Controller Support, Xbox Controller Support",Windows
3920610,FATAL FRAME II: Crimson Butterfly REMAKE,"11 Mar, 2026",Rp 675 000,Rp 506 250,-25%,839,88%,Very Positive,"mostplayed, newreleases, topsellers, upcomingreleases",Singleplayer,"DualShock Controller Support, Dualsense Controller Support, Full Controller Support, Gamepad Preferred, Xbox Controller Support",Windows
1163550,Captain Tsubasa: Rise of New Champions,"28 Sep, 2020",Rp 399 000,Rp 47 880,-88%,1197,72%,Mostly Positive,topsellers,"Co-op, Multi-player, Online Co-op, Online PvP, PvP, Shared/Split Screen, Shared/Split Screen Co-op, Shared/Split Screen PvP, Singleplayer","Full Controller Support, Xbox Controller Support",Windows
1462810,WRC 10 FIA World Rally Championship,"2 Sep, 2021",Rp 424 999,Rp 42 499,-90%,796,74%,Mostly Positive,"mostplayed, newreleases, topsellers, upcomingreleases","Co-op, Cross-Platform Multiplayer, Multi-player, Online Co-op, Online PvP, PvP, Singleplayer","Full Controller Support, Xbox Controller Support",Windows
1959430,Age of Empires IV:  The Sultans Ascend,"14 Nov, 2023",Rp 99 999,Rp 34 999,-65%,1720,73%,Mostly Positive,"mostplayed, newreleases, topsellers, upcomingreleases","Co-op, Cross-Platform Multiplayer, Multi-player, Online Co-op, Online PvP, PvP, Singleplayer",N/A,Windows
1687950,Persona 5 Royal,"20 Oct, 2022",Rp 798 000,Rp 798 000,N/A,33629,96%,Overwhelmingly Positive,"mostplayed, newreleases, topsellers, upcomingreleases",Singleplayer,"Full Controller Support, Xbox Controller Support",Windows
1621690,Core Keeper,"27 Aug, 2024",Rp 165 999,Rp 165 999,N/A,23052,94%,Very Positive,"mostplayed, newreleases, topsellers, upcomingreleases","Co-op, Multi-player, Online Co-op, Singleplayer","Full Controller Support, Xbox Controller Support","SteamOS + Linux, Windows"
3643170,Roadside Research,"12 Feb, 2026",Rp 94 799,Rp 94 799,N/A,2007,88%,Very Positive,"mostplayed, newreleases, topsellers, upcomingreleases","Co-op, Multi-player, Online Co-op, Singleplayer","DualShock Controller Support, Dualsense Controller Support, Full Controller Support, Xbox Controller Support",Windows
3219630,Halloween: The Game,"8 Sep, 2026",Rp 309 999,Rp 309 999,N/A,N/A,N/A,N/A,topsellers,"Co-op, Multi-player, Online Co-op, Online PvP, PvP, Singleplayer","DualShock Controller Support, Dualsense Controller Support, Full Controller Support, Xbox Controller Support",Windows
2101430,Dead Cells: Return to Castlevania,"6 Mar, 2023",Rp 90 999,Rp 63 699,-30%,868,86%,Very Positive,topsellers,Singleplayer,"Full Controller Support, Xbox Controller Support","SteamOS + Linux, Windows, macOS"
393010,Don't Starve: Shipwrecked,"1 Dec, 2015",Rp 52 999,Rp 26 499,-50%,1121,95%,Overwhelmingly Positive,topsellers,Singleplayer,"Full Controller Support, Xbox Controller Support","SteamOS + Linux, Windows, macOS"
848450,Subnautica: Below Zero,"13 May, 2021",Rp 350 999,Rp 350 999,N/A,54946,89%,Very Positive,"mostplayed, newreleases, topsellers, upcomingreleases",Singleplayer,"DualShock Controller Support, Full Controller Support, Xbox Controller Support","Windows, macOS"
377840,FINAL FANTASY IX,"14 Apr, 2016",Rp 200 000,Rp 60 000,-70%,6856,94%,Very Positive,"mostplayed, newreleases, topsellers, upcomingreleases",Singleplayer,Xbox Controller Support,Windows
2744880,Climber Animals: Together,"22 Mar, 2024",Rp 84 748,Rp 34 123,-60%,5459,74%,Mostly Positive,"mostplayed, newreleases, topsellers, upcomingreleases","Co-op, Multi-player, Online Co-op, Singleplayer",N/A,"Windows, macOS"
2852190,Monster Hunter Stories 3: Twisted Reflection,"12 Mar, 2026",Rp 910 000,Rp 910 000,N/A,2184,84%,Very Positive,"mostplayed, newreleases, topsellers, upcomingreleases",Singleplayer,"Full Controller Support, Steam Input API Support, Xbox Controller Support",Windows
2523720,Gears of War: Reloaded,"26 Aug, 2025",Rp 579 000,Rp 579 000,N/A,2290,56%,Mixed,"mostplayed, newreleases, topsellers, upcomingreleases","Co-op, Cross-Platform Multiplayer, Multi-player, Online Co-op, Online PvP, PvP, Singleplayer","Dualsense Controller Support, Full Controller Support, Xbox Controller Support",Windows
1971870,Mortal Kombat 1,"19 Sep, 2023",Rp 790 000,Rp 790 000,N/A,16892,72%,Mostly Positive,"mostplayed, newreleases, topsellers, upcomingreleases","Cross-Platform Multiplayer, Multi-player, Online PvP, PvP, Shared/Split Screen, Shared/Split Screen PvP, Singleplayer","DualShock Controller Support, Dualsense Controller Support, Full Controller Support, Xbox Controller Support",Windows
3937550,Yakuza Kiwami 3 & Dark Ties,"11 Feb, 2026",Rp 579 000,Rp 376 350,-35%,1969,61%,Mixed,"mostplayed, newreleases, topsellers, upcomingreleases",Singleplayer,"DualShock Controller Support, Dualsense Controller Support, Full Controller Support, Steam Input API Support, Xbox Controller Support",Windows
2321470,Deep Rock Galactic: Survivor,"17 Sep, 2025",Rp 119 999,Rp 77 999,-35%,23660,87%,Very Positive,"mostplayed, newreleases, topsellers, upcomingreleases",Singleplayer,"DualShock Controller Support, Dualsense Controller Support, Full Controller Support, Xbox Controller Support",Windows
3410460,Street Fighter™ 6 - Year 3 Character Pass,"15 Jul, 2025",Rp 389 000,Rp 389 000,N/A,89,50%,Mixed,"mostplayed, newreleases, topsellers, upcomingreleases","Cross-Platform Multiplayer, Multi-player, Online PvP, PvP, Shared/Split Screen, Shared/Split Screen PvP, Singleplayer",Xbox Controller Support,Windows
3260810,Le Mans Ultimate - 2024 Pack 3,"10 Dec, 2024",Rp 283 328,Rp 184 163,-35%,39,87%,Positive,"mostplayed, newreleases, topsellers, upcomingreleases","Multi-player, Online PvP, PvP, Singleplayer",Xbox Controller Support,Windows
3180070,"No, I'm not a Human","15 Sep, 2025",Rp 130 999,Rp 130 999,N/A,9079,93%,Very Positive,"mostplayed, newreleases, topsellers, upcomingreleases",Singleplayer,"DualShock Controller Support, Dualsense Controller Support, Full Controller Support, Xbox Controller Support",Windows
282470,Don't Starve: Reign of Giants,"2 Apr, 2014",Rp 52 999,Rp 26 499,-50%,1498,96%,Overwhelmingly Positive,topsellers,Singleplayer,Xbox Controller Support,"SteamOS + Linux, Windows, macOS"
606160,ROUTINE,"4 Dec, 2025",Rp 206 999,Rp 144 899,-30%,4384,93%,Very Positive,"mostplayed, newreleases, topsellers, upcomingreleases",Singleplayer,"Full Controller Support, Xbox Controller Support",Windows
4466620,SiNiSistar 2,"15 May, 2026",Rp 134 999,Rp 134 999,N/A,219,87%,Very Positive,"mostplayed, newreleases, topsellers, upcomingreleases",Singleplayer,Xbox Controller Support,"Windows, macOS"
2057760,Esoteric Ebb,"3 Mar, 2026",Rp 206 999,Rp 206 999,N/A,5509,95%,Overwhelmingly Positive,"mostplayed, newreleases, topsellers, upcomingreleases",Singleplayer,"DualShock Controller Support, Dualsense Controller Support, Full Controller Support, Xbox Controller Support",Windows
1325200,Nioh 2 – The Complete Edition,"5 Feb, 2021",Rp 675 000,Rp 270 000,-60%,10494,91%,Very Positive,"mostplayed, newreleases, topsellers, upcomingreleases","Co-op, Multi-player, Online Co-op, Singleplayer","DualShock Controller Support, Dualsense Controller Support, Xbox Controller Support",Windows
1911610,Windblown,"24 Oct, 2024",Rp 206 999,Rp 144 899,-30%,4774,93%,Very Positive,topsellers,"Co-op, Multi-player, Online Co-op, Singleplayer","DualShock Controller Support, Dualsense Controller Support, Full Controller Support, Gamepad Preferred, Xbox Controller Support",Windows
613100,House Flipper,"17 May, 2018",Rp 317 048,Rp 198 524,-37%,45426,94%,Very Positive,"mostplayed, newreleases, topsellers, upcomingreleases",Singleplayer,"Full Controller Support, Xbox Controller Support","Windows, macOS"
2420660,Neva,"15 Oct, 2024",Rp 165 999,Rp 82 999,-50%,3685,94%,Very Positive,topsellers,Singleplayer,"Dualsense Controller Support, Full Controller Support, Gamepad Preferred, Xbox Controller Support","Windows, macOS"
3080080,Age of Empires II: DE - The Three Kingdoms,"6 May, 2025",Rp 174 000,Rp 116 580,-33%,998,48%,Mixed,"mostplayed, newreleases, topsellers, upcomingreleases","Co-op, Cross-Platform Multiplayer, LAN Co-op, LAN PvP, Multi-player, Online Co-op, Online PvP, PvP, Singleplayer",N/A,"Windows, macOS"
2103140,Magicraft,"1 Nov, 2024",Rp 139 999,Rp 111 999,-20%,3444,95%,Overwhelmingly Positive,"mostplayed, newreleases, topsellers, upcomingreleases",Singleplayer,"DualShock Controller Support, Full Controller Support, Xbox Controller Support",Windows
47890,The Sims™ 3,"27 Jan, 2011",Rp 239 000,Rp 239 000,N/A,20418,86%,Very Positive,"mostplayed, newreleases, topsellers, upcomingreleases",Singleplayer,N/A,Windows
799960,Wizard101,"6 Sep, 2018",Free,Free,N/A,8447,83%,Very Positive,"mostplayed, newreleases, topsellers","Co-op, Multi-player, Online Co-op, Online PvP, PvP","DualShock Controller Support, Dualsense Controller Support, Steam Input API Support, Xbox Controller Support",Windows
2208570,Dark Hours,"23 Oct, 2025",Rp 130 999,Rp 78 599,-40%,1266,84%,Very Positive,"mostplayed, newreleases, topsellers, upcomingreleases","Co-op, Cross-Platform Multiplayer, Multi-player, Online Co-op, Singleplayer",Xbox Controller Support,Windows
4427430,TBH : Task Bar Hero - Slayer (Class),"27 May, 2026",Rp 49 499,Rp 49 499,N/A,43,34%,Mostly Negative,topsellers,Singleplayer,N/A,Windows
965580,Root,"24 Sep, 2020",Rp 95 999,Rp 47 999,-50%,3166,92%,Very Positive,"mostplayed, newreleases, topsellers, upcomingreleases","Cross-Platform Multiplayer, Multi-player, Online PvP, PvP, Shared/Split Screen, Shared/Split Screen PvP, Singleplayer",Xbox Controller Support,"Windows, macOS"
4224910,Ready or Not: Boiling Point,"12 Mar, 2026",Rp 88 000,Rp 88 000,N/A,1536,79%,Mostly Positive,"mostplayed, newreleases, topsellers, upcomingreleases","Co-op, Multi-player, Online Co-op, Singleplayer","DualShock Controller Support, Dualsense Controller Support, Full Controller Support, Xbox Controller Support",Windows
3746540,Age of Empires IV: Yue Fei's Legacy,"7 May, 2026",Rp 199 000,Rp 199 000,N/A,488,44%,Mixed,"mostplayed, newreleases, topsellers, upcomingreleases","Co-op, Cross-Platform Multiplayer, Multi-player, Online Co-op, Online PvP, PvP, Singleplayer",N/A,Windows
3950020,Duet Night Abyss,"19 Jan, 2026",Free,Free,N/A,1818,56%,Mixed,"mostplayed, newreleases, topsellers, upcomingreleases","Co-op, Multi-player, Online Co-op","Full Controller Support, Xbox Controller Support",Windows
4304930,Chef Knight,"1 Jun, 2026",Rp 58 499,Rp 58 499,N/A,941,94%,Very Positive,"mostplayed, newreleases, topsellers, upcomingreleases",Singleplayer,"DualShock Controller Support, Dualsense Controller Support, Full Controller Support, Xbox Controller Support",Windows
4329260,Substance 3D Painter 2026,"11 Mar, 2025",Rp 206 999,Rp 206 999,N/A,88,56%,Mixed,"mostplayed, newreleases, topsellers, upcomingreleases",N/A,N/A,"SteamOS + Linux, Windows, macOS"
1341290,We Were Here Forever,"10 May, 2022",Rp 152 999,Rp 58 139,-62%,5751,93%,Very Positive,"mostplayed, newreleases, topsellers, upcomingreleases","Co-op, Cross-Platform Multiplayer, Multi-player, Online Co-op","DualShock Controller Support, Dualsense Controller Support, Xbox Controller Support",Windows
1745440,Destiny 2: Triumphant Silver Bundle,"7 Dec, 2021",Rp 159 999,Rp 159 999,N/A,190,61%,Mixed,topsellers,"Co-op, Multi-player, Online Co-op, Online PvP, PvP, Singleplayer","Full Controller Support, Xbox Controller Support",Windows
371970,Barony,"23 Jun, 2015",Rp 165 999,Rp 165 999,N/A,8591,91%,Very Positive,"mostplayed, newreleases, topsellers, upcomingreleases","Co-op, Cross-Platform Multiplayer, LAN Co-op, Multi-player, Online Co-op, Shared/Split Screen, Shared/Split Screen Co-op, Singleplayer","Full Controller Support, Xbox Controller Support","SteamOS + Linux, Windows, macOS"
2623190,The Elder Scrolls IV: Oblivion Remastered,"22 Apr, 2025",Rp 699 000,Rp 699 000,N/A,47233,78%,Mostly Positive,"mostplayed, newreleases, topsellers, upcomingreleases",Singleplayer,"DualShock Controller Support, Dualsense Controller Support, Xbox Controller Support",Windows
1273400,Construction Simulator,"20 Sep, 2022",Rp 206 999,Rp 206 999,N/A,3369,79%,Mostly Positive,"mostplayed, newreleases, topsellers, upcomingreleases","Co-op, Multi-player, Online Co-op, Singleplayer","DualShock Controller Support, Full Controller Support, Steam Input API Support, Xbox Controller Support",Windows
1442430,Storage Hunter Simulator,"27 Nov, 2025",Rp 252 798,Rp 187 398,-26%,1752,78%,Mostly Positive,"mostplayed, newreleases, topsellers, upcomingreleases","Co-op, Multi-player, Online Co-op, Singleplayer","Full Controller Support, Xbox Controller Support",Windows
2781620,Risk of Rain 2: Alloyed Collective,"18 Nov, 2025",Rp 80 999,Rp 80 999,N/A,2811,94%,Very Positive,"mostplayed, newreleases, topsellers, upcomingreleases","Co-op, Multi-player, Online Co-op, Online PvP, PvP, Singleplayer","Full Controller Support, Xbox Controller Support",Windows
4260840,STRANGER THAN HEAVEN,"14 Jan, 2027",Rp 649 000,Rp 649 000,N/A,N/A,N/A,N/A,topsellers,Singleplayer,"DualShock Controller Support, Dualsense Controller Support, Full Controller Support, Steam Input API Support, Xbox Controller Support",Windows
975370,Dwarf Fortress,"6 Dec, 2022",Rp 254 999,Rp 203 999,-20%,23869,94%,Very Positive,"mostplayed, newreleases, topsellers, upcomingreleases",Singleplayer,N/A,"SteamOS + Linux, Windows"
4231820,Castlevania: Belmont's Curse,"14 Oct, 2026",Rp 400 000,Rp 400 000,N/A,N/A,N/A,N/A,topsellers,Singleplayer,"Dualsense Controller Support, Full Controller Support, Gamepad Preferred, Xbox Controller Support",Windows
1001270,Kebab Chefs! - Restaurant Simulator,"11 Jun, 2026",Rp 152 999,Rp 91 799,-40%,1502,80%,Very Positive,topsellers,"Co-op, Multi-player, Online Co-op, Singleplayer","DualShock Controller Support, Dualsense Controller Support, Full Controller Support, Xbox Controller Support",Windows
2879840,Escape Simulator 2,"27 Oct, 2025",Rp 169 000,Rp 169 000,N/A,1792,93%,Very Positive,"mostplayed, newreleases, topsellers, upcomingreleases","Co-op, Cross-Platform Multiplayer, Multi-player, Online Co-op, Singleplayer","DualShock Controller Support, Dualsense Controller Support, Full Controller Support, Steam Input API Support, Xbox Controller Support","Windows, macOS"
1281040,Baby Steps,"23 Sep, 2025",Rp 165 999,Rp 82 999,-50%,1600,91%,Very Positive,topsellers,Singleplayer,"DualShock Controller Support, Dualsense Controller Support, Full Controller Support, Gamepad Preferred, Xbox Controller Support",Windows
238960,Path of Exile,"23 Oct, 2013",Free,Free,N/A,141671,88%,Very Positive,"mostplayed, newreleases, topsellers, upcomingreleases","Co-op, Multi-player, Online Co-op, Online PvP, PvP, Singleplayer","DualShock Controller Support, Dualsense Controller Support, Full Controller Support, Xbox Controller Support","Windows, macOS"
1392860,Little Nightmares III,"9 Oct, 2025",Rp 399 000,Rp 399 000,N/A,4810,49%,Mixed,"mostplayed, newreleases, topsellers, upcomingreleases","Co-op, Multi-player, Online Co-op, Singleplayer","DualShock Controller Support, Dualsense Controller Support, Full Controller Support, Gamepad Preferred, Xbox Controller Support",Windows
287290,Resident Evil Revelations 2,"24 Feb, 2015",Rp 259 000,Rp 64 750,-75%,6632,75%,Mostly Positive,"mostplayed, newreleases, topsellers, upcomingreleases","Co-op, Multi-player, Online Co-op, Shared/Split Screen Co-op, Singleplayer","Full Controller Support, Xbox Controller Support",Windows
1974050,Torchlight: Infinite,"9 May, 2023",Free,Free,N/A,7985,62%,Mixed,"mostplayed, newreleases, topsellers, upcomingreleases","Co-op, Cross-Platform Multiplayer, Multi-player, Online Co-op, Singleplayer",Xbox Controller Support,Windows
3058630,Assetto Corsa EVO,"16 Jan, 2025",Rp 299 999,Rp 299 999,N/A,8398,54%,Mixed,"mostplayed, newreleases, topsellers, upcomingreleases",Singleplayer,"Dualsense Controller Support, Gamepad Preferred, Xbox Controller Support",Windows
1577120,The Quarry,"9 Jun, 2022",Rp 769 000,Rp 115 350,-85%,7446,83%,Very Positive,"mostplayed, newreleases, topsellers, upcomingreleases","Co-op, Multi-player, Shared/Split Screen, Shared/Split Screen Co-op, Singleplayer","Full Controller Support, Xbox Controller Support",Windows
3417850,Stellaris: Shadows of the Shroud,"22 Sep, 2025",Rp 225 999,Rp 225 999,N/A,325,41%,Mixed,"mostplayed, newreleases, topsellers, upcomingreleases","Cross-Platform Multiplayer, Multi-player, Singleplayer",N/A,"SteamOS + Linux, Windows, macOS"
1026680,FINAL FANTASY VIII - REMASTERED,"3 Sep, 2019",Rp 285 000,Rp 114 000,-60%,2682,74%,Mostly Positive,topsellers,Singleplayer,"Full Controller Support, Xbox Controller Support",Windows
1336980,NOBUNAGA'S AMBITION: Awakening,"20 Jul, 2022",Rp 770 000,Rp 346 500,-55%,2264,74%,Mostly Positive,"mostplayed, newreleases, topsellers, upcomingreleases",Singleplayer,N/A,Windows
835960,The Talos Principle 2,"2 Nov, 2023",Rp 245 999,Rp 61 499,-75%,8300,94%,Very Positive,"mostplayed, newreleases, topsellers, upcomingreleases",Singleplayer,"DualShock Controller Support, Dualsense Controller Support, Full Controller Support, Xbox Controller Support",Windows
753640,Outer Wilds,"18 Jun, 2020",Rp 199 999,Rp 199 999,N/A,50995,95%,Overwhelmingly Positive,"mostplayed, newreleases, topsellers, upcomingreleases",Singleplayer,"DualShock Controller Support, Dualsense Controller Support, Full Controller Support, Gamepad Preferred, Xbox Controller Support",Windows
2109300,Resident Evil 4 - Separate Ways,"24 Jan, 2019",Rp 129 000,Rp 129 000,N/A,3148,94%,Very Positive,"mostplayed, newreleases, topsellers, upcomingreleases",Singleplayer,"Full Controller Support, Xbox Controller Support",Windows
3410470,Street Fighter™ 6 - Year 3 Ultimate Pass,"15 Jul, 2025",Rp 629 000,Rp 629 000,N/A,55,58%,Mixed,"mostplayed, newreleases, topsellers, upcomingreleases","Cross-Platform Multiplayer, Multi-player, Online PvP, PvP, Shared/Split Screen, Shared/Split Screen PvP, Singleplayer",Xbox Controller Support,Windows
1757300,Jump Space,"19 Sep, 2025",Rp 155 000,Rp 155 000,N/A,7104,87%,Very Positive,"mostplayed, newreleases, topsellers, upcomingreleases","Co-op, Multi-player, Online Co-op, Singleplayer","Full Controller Support, Xbox Controller Support",Windows
3115220,Town to City,"26 May, 2026",Rp 254 999,Rp 254 999,N/A,3807,97%,Overwhelmingly Positive,"mostplayed, newreleases, topsellers, upcomingreleases",Singleplayer,N/A,Windows
1173810,FINAL FANTASY V,"10 Nov, 2021",Rp 239 000,Rp 143 400,-40%,1375,92%,Very Positive,topsellers,Singleplayer,Xbox Controller Support,Windows
1121640,The Wandering Village,"17 Jul, 2025",Rp 245 999,Rp 245 999,N/A,3881,92%,Very Positive,"mostplayed, newreleases, topsellers, upcomingreleases",Singleplayer,"DualShock Controller Support, Dualsense Controller Support, Full Controller Support, Xbox Controller Support","SteamOS + Linux, Windows, macOS"
1343400,RuneScape ®,"14 Oct, 2020",Free,Free,N/A,21617,81%,Very Positive,"mostplayed, newreleases, topsellers, upcomingreleases","Cross-Platform Multiplayer, Multi-player",N/A,"Windows, macOS"
619820,Heroes of Hammerwatch II,"14 Jan, 2025",Rp 175 999,Rp 70 399,-60%,4034,84%,Very Positive,"mostplayed, newreleases, topsellers, upcomingreleases","Co-op, Multi-player, Online Co-op, Singleplayer","Full Controller Support, Xbox Controller Support",Windows
3618850,Pronoun Palace,"4 Jun, 2026",Rp 174 999,Rp 174 999,N/A,694,99%,Overwhelmingly Positive,"mostplayed, newreleases, topsellers, upcomingreleases",Singleplayer,"DualShock Controller Support, Dualsense Controller Support, Full Controller Support, Xbox Controller Support","SteamOS + Linux, Windows, macOS"
894020,Death's Door,"20 Jul, 2021",Rp 165 999,Rp 33 199,-80%,10451,93%,Very Positive,topsellers,Singleplayer,"Full Controller Support, Gamepad Preferred, Xbox Controller Support",Windows
559650,Witch It,"22 Oct, 2020",Rp 165 999,Rp 24 899,-85%,3421,92%,Very Positive,topsellers,"Multi-player, Online PvP, PvP","Full Controller Support, Xbox Controller Support",Windows
1763250,SWORN,"23 Sep, 2025",Rp 206 999,Rp 70 379,-66%,2461,83%,Very Positive,topsellers,"Co-op, Multi-player, Online Co-op, Singleplayer","DualShock Controller Support, Dualsense Controller Support, Full Controller Support, Gamepad Preferred, Xbox Controller Support",Windows
3784030,RACCOIN: Coin Pusher Roguelike,"31 Mar, 2026",Rp 119 900,Rp 119 900,N/A,2275,85%,Very Positive,"mostplayed, newreleases, topsellers, upcomingreleases",Singleplayer,"DualShock Controller Support, Dualsense Controller Support, Full Controller Support, Xbox Controller Support",Windows
629730,Blade and Sorcery,"17 Jun, 2024",Rp 254 999,Rp 254 999,N/A,48846,96%,Overwhelmingly Positive,"mostplayed, newreleases, topsellers, upcomingreleases",Singleplayer,N/A,Windows
410340,Liftoff®: FPV Drone Racing,"13 Sep, 2018",Rp 165 999,Rp 165 999,N/A,6748,95%,Overwhelmingly Positive,"mostplayed, newreleases, topsellers, upcomingreleases","Multi-player, Online PvP, PvP, Singleplayer","DualShock Controller Support, Dualsense Controller Support, Gamepad Preferred, Xbox Controller Support","SteamOS + Linux, Windows, macOS"
2730540,Card-en-Ciel,"23 Oct, 2024",Rp 206 999,Rp 113 849,-45%,827,91%,Very Positive,topsellers,"Multi-player, Online PvP, PvP, Singleplayer","DualShock Controller Support, Dualsense Controller Support, Full Controller Support, Xbox Controller Support",Windows
1044720,Farthest Frontier,"23 Oct, 2025",Rp 284 999,Rp 284 999,N/A,10678,86%,Very Positive,"mostplayed, newreleases, topsellers, upcomingreleases",Singleplayer,N/A,Windows
2914150,Yunyun Syndrome!? Rhythm Psychosis,"23 Apr, 2026",Rp 82 499,Rp 82 499,N/A,1114,88%,Very Positive,"mostplayed, newreleases, topsellers, upcomingreleases",Singleplayer,N/A,Windows
3428570,Teller's Duty,"12 Jun, 2026",Rp 145 348,Rp 83 226,-43%,173,75%,Mostly Positive,topsellers,Singleplayer,"Full Controller Support, Xbox Controller Support",Windows
2873660,Global Rescue,"27 Apr, 2026",Rp 214 999,Rp 214 999,N/A,1364,86%,Very Positive,"mostplayed, newreleases, topsellers, upcomingreleases",Singleplayer,N/A,"Windows, macOS"
824270,KovaaK's,"3 Apr, 2018",Rp 130 048,Rp 66 553,-49%,22273,93%,Very Positive,"mostplayed, newreleases, topsellers, upcomingreleases",Singleplayer,N/A,Windows
2000950,Call of Duty®: Modern Warfare®,"8 Mar, 2023",Rp 891 000,Rp 891 000,N/A,14694,81%,Very Positive,"mostplayed, newreleases, topsellers, upcomingreleases","Co-op, Cross-Platform Multiplayer, Multi-player, Online Co-op, Online PvP, PvP, Singleplayer","Full Controller Support, Xbox Controller Support",Windows
292120,FINAL FANTASY® XIII,"9 Oct, 2014",Rp 150 000,Rp 60 000,-60%,9149,75%,Mostly Positive,topsellers,Singleplayer,Xbox Controller Support,Windows
3981100,Leaf it Alone,"30 Oct, 2025",Rp 56 499,Rp 56 499,N/A,2233,96%,Overwhelmingly Positive,"mostplayed, newreleases, topsellers, upcomingreleases",Singleplayer,"DualShock Controller Support, Dualsense Controller Support, Full Controller Support, Xbox Controller Support",Windows
304240,Resident Evil,"19 Jan, 2015",Rp 259 000,Rp 64 750,-75%,12707,91%,Very Positive,"mostplayed, newreleases, topsellers, upcomingreleases",Singleplayer,"Full Controller Support, Xbox Controller Support",Windows
3486960,American Truck Simulator - Illinois,"14 May, 2026",Rp 109 999,Rp 109 999,N/A,184,78%,Mostly Positive,"mostplayed, newreleases, topsellers, upcomingreleases","Co-op, Multi-player, Online Co-op, Singleplayer","Steam Input API Support, Xbox Controller Support","SteamOS + Linux, Windows, macOS"
2464530,VOIN,"10 Dec, 2024",Rp 165 999,Rp 107 899,-35%,1770,94%,Very Positive,topsellers,N/A,N/A,N/A
1016920,Unrailed!,"23 Sep, 2020",Rp 165 999,Rp 24 899,-85%,4620,94%,Very Positive,topsellers,"Co-op, Cross-Platform Multiplayer, Multi-player, Online Co-op, Online PvP, PvP, Shared/Split Screen, Shared/Split Screen Co-op, Shared/Split Screen PvP, Singleplayer","DualShock Controller Support, Dualsense Controller Support, Full Controller Support, Gamepad Preferred, Xbox Controller Support","SteamOS + Linux, Windows, macOS"
401920,The Binding of Isaac: Afterbirth,"30 Oct, 2015",Rp 78 999,Rp 78 999,N/A,3675,92%,Very Positive,"mostplayed, newreleases, topsellers, upcomingreleases","Co-op, Multi-player, Shared/Split Screen, Singleplayer","Full Controller Support, Xbox Controller Support","SteamOS + Linux, Windows, macOS"
3551410,Football Manager 26 In-Game Editor,"4 Nov, 2025",Rp 99 999,Rp 99 999,N/A,1252,8%,Overwhelmingly Negative,topsellers,"Multi-player, Singleplayer",N/A,Windows
2066020,Soulstone Survivors,"17 Jun, 2025",Rp 130 999,Rp 78 599,-40%,12132,91%,Very Positive,topsellers,Singleplayer,"DualShock Controller Support, Dualsense Controller Support, Full Controller Support, Xbox Controller Support","SteamOS + Linux, Windows, macOS"
329110,Gems of War - Puzzle RPG,"20 Nov, 2014",Free,Free,N/A,4826,75%,Mostly Positive,topsellers,"Cross-Platform Multiplayer, Multi-player, Singleplayer",Xbox Controller Support,Windows
1190000,Car Mechanic Simulator 2021,"11 Aug, 2021",Rp 298 398,Rp 178 878,-40%,16497,95%,Overwhelmingly Positive,"mostplayed, newreleases, topsellers, upcomingreleases",Singleplayer,Xbox Controller Support,Windows
4517460,Total Football Online,"10 Jun, 2026",Free,Free,N/A,738,80%,Very Positive,topsellers,"Co-op, Multi-player, Online Co-op, Online PvP, PvP, Singleplayer","DualShock Controller Support, Dualsense Controller Support, Xbox Controller Support",Windows
1340990,Rise of the Ronin,"10 Mar, 2025",Rp 675 000,Rp 337 500,-50%,2278,69%,Mixed,"mostplayed, newreleases, topsellers, upcomingreleases","Co-op, Multi-player, Online Co-op, Singleplayer","DualShock Controller Support, Dualsense Controller Support, Gamepad Preferred, Xbox Controller Support",Windows
4285690,Airport Security Sucks!,"5 Jun, 2026",Rp 76 999,Rp 47 739,-38%,224,85%,Very Positive,"mostplayed, newreleases, topsellers, upcomingreleases","Co-op, Multi-player, Online Co-op, Online PvP, PvP",N/A,Windows
2104890,RoadCraft,"20 May, 2025",Rp 389 000,Rp 389 000,N/A,6648,72%,Mostly Positive,"mostplayed, newreleases, topsellers, upcomingreleases","Co-op, Cross-Platform Multiplayer, Multi-player, Online Co-op, Singleplayer","DualShock Controller Support, Dualsense Controller Support, Full Controller Support, Xbox Controller Support",Windows
641320,Cooking Simulator,"6 Jun, 2019",Rp 188 940,Rp 37 788,-80%,8548,85%,Very Positive,"mostplayed, newreleases, topsellers, upcomingreleases",Singleplayer,Xbox Controller Support,Windows
2380740,RimWorld - Anomaly,"11 Apr, 2024",Rp 206 999,Rp 206 999,N/A,1854,79%,Mostly Positive,"mostplayed, newreleases, topsellers, upcomingreleases",Singleplayer,N/A,"SteamOS + Linux, Windows, macOS"
2475490,Mouthwashing,"26 Sep, 2024",Rp 114 999,Rp 68 999,-40%,23954,95%,Overwhelmingly Positive,"mostplayed, newreleases, topsellers, upcomingreleases",Singleplayer,"Full Controller Support, Xbox Controller Support",Windows
3450310,Europa Universalis V,"4 Nov, 2025",Rp 676 999,Rp 676 999,N/A,12978,70%,Mostly Positive,"mostplayed, newreleases, topsellers, upcomingreleases","Co-op, Multi-player, Online Co-op, Online PvP, PvP, Singleplayer",N/A,Windows
1235140,Yakuza: Like a Dragon,"10 Nov, 2020",Rp 239 000,Rp 95 600,-60%,14475,94%,Very Positive,"mostplayed, newreleases, topsellers, upcomingreleases",Singleplayer,"Full Controller Support, Xbox Controller Support",Windows
386180,Crossout,"26 Jul, 2017",Free,Free,N/A,22281,68%,Mixed,"mostplayed, newreleases, topsellers, upcomingreleases","Co-op, Multi-player, Online Co-op, Online PvP, PvP","DualShock Controller Support, Dualsense Controller Support, Full Controller Support, Xbox Controller Support",Windows
3556750,"Warhammer 40,000: Dawn of War - Definitive Edition","14 Aug, 2025",Rp 253 500,Rp 253 500,N/A,6266,86%,Very Positive,"mostplayed, newreleases, topsellers, upcomingreleases","Co-op, Cross-Platform Multiplayer, Multi-player, Online Co-op, Online PvP, PvP, Singleplayer",N/A,Windows
1263240,Skate Story,"8 Dec, 2025",Rp 165 999,Rp 116 199,-30%,1846,97%,Overwhelmingly Positive,topsellers,Singleplayer,"Dualsense Controller Support, Full Controller Support, Gamepad Preferred, Xbox Controller Support","Windows, macOS"
460950,Katana ZERO,"18 Apr, 2019",Rp 130 999,Rp 78 599,-40%,22503,97%,Overwhelmingly Positive,topsellers,Singleplayer,"Full Controller Support, Xbox Controller Support","Windows, macOS"
293760,Automation - The Car Company Tycoon Game,"12 Mar, 2015",Rp 245 999,Rp 245 999,N/A,11932,93%,Very Positive,"mostplayed, newreleases, topsellers, upcomingreleases","Multi-player, Online PvP, PvP, Singleplayer",N/A,Windows
548430,Deep Rock Galactic,"13 May, 2020",Rp 188 999,Rp 188 999,N/A,170019,97%,Overwhelmingly Positive,"mostplayed, newreleases, topsellers, upcomingreleases","Co-op, Multi-player, Online Co-op, Singleplayer","Full Controller Support, Xbox Controller Support",Windows
2100280,World of Tanks: HEAT,"25 May, 2026",Free,Free,N/A,1733,50%,Mixed,"mostplayed, newreleases, topsellers, upcomingreleases","Cross-Platform Multiplayer, Multi-player, Online PvP, PvP","DualShock Controller Support, Dualsense Controller Support, Full Controller Support, Xbox Controller Support",Windows
468920,Ultimate Fishing Simulator®,"30 Aug, 2018",Rp 165 999,Rp 8 299,-95%,2498,89%,Very Positive,topsellers,"Co-op, Multi-player, Online Co-op, Online PvP, PvP, Singleplayer","DualShock Controller Support, Dualsense Controller Support, Full Controller Support, Xbox Controller Support",Windows
1631270,StarRupture,"6 Jan, 2026",Rp 219 998,Rp 219 998,N/A,6434,82%,Very Positive,"mostplayed, newreleases, topsellers, upcomingreleases","Co-op, Multi-player, Online Co-op, Singleplayer",N/A,Windows
669330,Mechabellum,"26 Sep, 2024",Rp 130 999,Rp 78 599,-40%,9551,84%,Very Positive,topsellers,"Co-op, Multi-player, Online Co-op, Online PvP, PvP, Singleplayer",N/A,"Windows, macOS"
254700,Resident Evil 4 (2005),"27 Feb, 2014",Rp 259 000,Rp 64 750,-75%,25924,93%,Very Positive,"mostplayed, newreleases, topsellers, upcomingreleases",Singleplayer,"Full Controller Support, Xbox Controller Support",Windows
1432860,Sun Haven,"10 Mar, 2023",Rp 206 999,Rp 82 799,-60%,13047,83%,Very Positive,"mostplayed, newreleases, topsellers, upcomingreleases","Co-op, Multi-player, Online Co-op, Singleplayer",Xbox Controller Support,"Windows, macOS"
961200,Predecessor,"20 Aug, 2024",Free,Free,N/A,12163,71%,Mostly Positive,"mostplayed, newreleases, topsellers, upcomingreleases","Co-op, Cross-Platform Multiplayer, Multi-player, Online Co-op, Online PvP, PvP, Singleplayer","DualShock Controller Support, Dualsense Controller Support, Full Controller Support, Xbox Controller Support",Windows
222480,Resident Evil Revelations,"22 May, 2013",Rp 259 000,Rp 64 750,-75%,4129,77%,Mostly Positive,"mostplayed, newreleases, topsellers, upcomingreleases","Co-op, Multi-player, Singleplayer","Full Controller Support, Xbox Controller Support",Windows
427100,Fernbus Simulator,"25 Aug, 2016",Rp 304 340,Rp 152 170,-50%,1404,64%,Mixed,topsellers,Singleplayer,Xbox Controller Support,Windows
3793540,Age of Empires II: DE - Chronicles: Alexander the Great,"14 Oct, 2025",Rp 169 900,Rp 84 950,-50%,649,76%,Mostly Positive,"mostplayed, newreleases, topsellers, upcomingreleases","Co-op, Cross-Platform Multiplayer, LAN Co-op, LAN PvP, Multi-player, Online Co-op, Online PvP, PvP, Singleplayer",N/A,"Windows, macOS"
3717070,WWE 2K26,"12 Mar, 2026",Rp 799 000,Rp 799 000,N/A,1855,54%,Mixed,"mostplayed, newreleases, topsellers, upcomingreleases","Co-op, Multi-player, Online Co-op, Online PvP, PvP, Shared/Split Screen, Shared/Split Screen Co-op, Shared/Split Screen PvP, Singleplayer","DualShock Controller Support, Dualsense Controller Support, Gamepad Preferred, Xbox Controller Support",Windows
2820820,Jotunnslayer: Hordes of Hel,"3 Sep, 2025",Rp 168 748,Rp 78 366,-54%,2913,84%,Very Positive,topsellers,"Co-op, Multi-player, Shared/Split Screen, Shared/Split Screen Co-op, Singleplayer","Full Controller Support, Xbox Controller Support",Windows
3762660,Trials Survivors,"8 Jun, 2026",Rp 94 499,Rp 75 599,-20%,164,88%,Very Positive,topsellers,Singleplayer,"Dualsense Controller Support, Full Controller Support, Xbox Controller Support","SteamOS + Linux, Windows, macOS"
2253100,Everwind,"17 Mar, 2026",Rp 219 999,Rp 219 999,N/A,1470,83%,Very Positive,"mostplayed, newreleases, topsellers, upcomingreleases","Co-op, Multi-player, Online Co-op, Singleplayer","Full Controller Support, Xbox Controller Support",Windows
2799860,INAZUMA ELEVEN: Victory Road,"13 Nov, 2025",Rp 999 000,Rp 999 000,N/A,1953,92%,Very Positive,"mostplayed, newreleases, topsellers, upcomingreleases","Cross-Platform Multiplayer, Multi-player, Online PvP, PvP, Singleplayer","DualShock Controller Support, Dualsense Controller Support, Full Controller Support, Gamepad Preferred, Steam Input API Support, Xbox Controller Support",Windows
1641700,Moving Out 2,"15 Aug, 2023",Rp 349 999,Rp 87 499,-75%,413,75%,Mostly Positive,topsellers,"Co-op, Cross-Platform Multiplayer, Multi-player, Online Co-op, Shared/Split Screen, Shared/Split Screen Co-op, Singleplayer","Full Controller Support, Xbox Controller Support",Windows
3314790,CloverPit,"26 Sep, 2025",Rp 90 999,Rp 90 999,N/A,11912,90%,Very Positive,"mostplayed, newreleases, topsellers, upcomingreleases",Singleplayer,"DualShock Controller Support, Full Controller Support, Xbox Controller Support",Windows
1173800,FINAL FANTASY IV,"8 Sep, 2021",Rp 239 000,Rp 143 400,-40%,1969,92%,Very Positive,topsellers,Singleplayer,Xbox Controller Support,Windows
3357960,KuloNiku: Bowl Up!,"7 Apr, 2026",Rp 104 999,Rp 83 999,-20%,1721,96%,Overwhelmingly Positive,"mostplayed, newreleases, topsellers, upcomingreleases",Singleplayer,"DualShock Controller Support, Dualsense Controller Support, Full Controller Support, Xbox Controller Support","Windows, macOS"
3751260,The Blood of Dawnwalker,"2 Sep, 2026",Rp 899 000,Rp 899 000,N/A,N/A,N/A,N/A,topsellers,Singleplayer,"Dualsense Controller Support, Full Controller Support, Gamepad Preferred, Xbox Controller Support",Windows
1369630,ENDER LILIES: Quietus of the Knights,"21 Jun, 2021",Rp 119 999,Rp 47 999,-60%,11117,94%,Very Positive,topsellers,Singleplayer,"Full Controller Support, Gamepad Preferred, Steam Input API Support, Xbox Controller Support",Windows
3840230,Adorable Adventures,"30 Apr, 2026",Rp 265 000,Rp 212 000,-20%,501,92%,Very Positive,"mostplayed, newreleases, topsellers, upcomingreleases",Singleplayer,"Full Controller Support, Gamepad Preferred, Xbox Controller Support",Windows
699130,World War Z,"21 Sep, 2021",Rp 259 000,Rp 259 000,N/A,7068,85%,Very Positive,"mostplayed, newreleases, topsellers, upcomingreleases","Co-op, Cross-Platform Multiplayer, Multi-player, Online Co-op, Online PvP, PvP, Singleplayer","Full Controller Support, Xbox Controller Support",Windows
1746860,The Elder Scrolls V: Skyrim Anniversary Upgrade,"10 Nov, 2021",Rp 266 000,Rp 266 000,N/A,4166,48%,Mixed,"mostplayed, newreleases, topsellers, upcomingreleases",Singleplayer,Xbox Controller Support,Windows
570660,The Binding of Isaac: Afterbirth+,"3 Jan, 2017",Rp 244 997,Rp 244 997,N/A,3138,66%,Mixed,"mostplayed, newreleases, topsellers, upcomingreleases","Co-op, Multi-player, Shared/Split Screen, Shared/Split Screen Co-op, Shared/Split Screen PvP, Singleplayer","Full Controller Support, Xbox Controller Support","SteamOS + Linux, Windows, macOS"
3417840,Stellaris: BioGenesis,"5 May, 2025",Rp 282 999,Rp 282 999,N/A,949,42%,Mixed,"mostplayed, newreleases, topsellers, upcomingreleases","Cross-Platform Multiplayer, Multi-player, Singleplayer",N/A,"SteamOS + Linux, Windows, macOS"
3525970,Horripilant,"20 Feb, 2026",Rp 74 000,Rp 51 800,-30%,1351,91%,Very Positive,topsellers,Singleplayer,"DualShock Controller Support, Dualsense Controller Support, Full Controller Support, Xbox Controller Support","SteamOS + Linux, Windows"
1158100,Expansion - Hearts of Iron IV: La Résistance,"25 Feb, 2020",Rp 225 999,Rp 112 999,-50%,1130,44%,Mixed,topsellers,"Co-op, Cross-Platform Multiplayer, Multi-player, Singleplayer",N/A,"SteamOS + Linux, Windows, macOS"
1934570,South of Midnight,"8 Apr, 2025",Rp 479 000,Rp 359 250,-25%,3302,94%,Very Positive,"mostplayed, newreleases, topsellers, upcomingreleases",Singleplayer,"Full Controller Support, Xbox Controller Support",Windows
2725260,ENDER MAGNOLIA: Bloom in the Mist,"22 Jan, 2025",Rp 206 999,Rp 113 849,-45%,4464,97%,Overwhelmingly Positive,topsellers,Singleplayer,"Full Controller Support, Gamepad Preferred, Xbox Controller Support",Windows
327030,Worms W.M.D,"23 Aug, 2016",Rp 219 999,Rp 43 999,-80%,4684,83%,Very Positive,topsellers,"Multi-player, Online PvP, PvP, Shared/Split Screen, Shared/Split Screen PvP, Singleplayer","Full Controller Support, Xbox Controller Support","SteamOS + Linux, Windows, macOS"
451340,Gold Mining Simulator,"13 Oct, 2017",Rp 165 999,Rp 39 839,-76%,7292,69%,Mixed,topsellers,Singleplayer,"DualShock Controller Support, Full Controller Support, Xbox Controller Support",Windows
42700,Call of Duty®: Black Ops,"8 Nov, 2010",Rp 599 000,Rp 599 000,N/A,14610,90%,Very Positive,"mostplayed, newreleases, topsellers, upcomingreleases","Co-op, Multi-player, Singleplayer",Xbox Controller Support,Windows
1248130,Farming Simulator 22,"21 Nov, 2021",Rp 250 000,Rp 250 000,N/A,25396,92%,Very Positive,"mostplayed, newreleases, topsellers, upcomingreleases","Co-op, Cross-Platform Multiplayer, Multi-player, Online Co-op, Singleplayer","Full Controller Support, Xbox Controller Support","Windows, macOS"
620,Portal 2,"18 Apr, 2011",Rp 90 999,Rp 90 999,N/A,170948,98%,Overwhelmingly Positive,"mostplayed, newreleases, topsellers, upcomingreleases","Co-op, Multi-player, Online Co-op, Shared/Split Screen, Shared/Split Screen Co-op, Singleplayer","DualShock Controller Support, Dualsense Controller Support, Full Controller Support, Steam Input API Support, Xbox Controller Support","SteamOS + Linux, Windows"
3778100,X4: Envoy Pack,"10 Sep, 2025",Rp 74 000,Rp 66 600,-10%,277,88%,Very Positive,topsellers,Singleplayer,"DualShock Controller Support, Dualsense Controller Support, Full Controller Support, Xbox Controller Support","SteamOS + Linux, Windows"
1888160,ARMORED CORE™ VI FIRES OF RUBICON™,"24 Aug, 2023",Rp 599 000,Rp 599 000,N/A,40072,93%,Very Positive,"mostplayed, newreleases, topsellers, upcomingreleases","Multi-player, Online PvP, PvP, Singleplayer",Xbox Controller Support,Windows
4144680,DEAD OR ALIVE 6 Last Round,"24 Jun, 2026",Rp 540 000,Rp 540 000,N/A,N/A,N/A,N/A,topsellers,"Multi-player, Online PvP, PvP, Shared/Split Screen, Shared/Split Screen PvP","Full Controller Support, Gamepad Preferred, Xbox Controller Support",N/A
29720,Guild Wars® Reforged,"3 Dec, 2025",Rp 317 999,Rp 317 999,N/A,2270,87%,Very Positive,"mostplayed, newreleases, topsellers, upcomingreleases","Co-op, Multi-player, Online Co-op, Online PvP, PvP, Singleplayer","Full Controller Support, Xbox Controller Support",Windows
2261430,LumenTale: Memories of Trey,"26 May, 2026",Rp 214 089,Rp 214 089,N/A,872,73%,Mostly Positive,"mostplayed, newreleases, topsellers, upcomingreleases","Multi-player, Online PvP, PvP, Singleplayer","Dualsense Controller Support, Xbox Controller Support",Windows
1645820,SurrounDead,"24 Jun, 2022",Rp 106 999,Rp 106 999,N/A,15248,91%,Very Positive,"mostplayed, newreleases, topsellers, upcomingreleases",Singleplayer,N/A,Windows
1097840,Gears 5,"9 Sep, 2019",Rp 424 500,Rp 424 500,N/A,8367,73%,Mostly Positive,"newreleases, topsellers, upcomingreleases","Co-op, Cross-Platform Multiplayer, Multi-player, Online Co-op, Online PvP, PvP, Shared/Split Screen, Shared/Split Screen Co-op, Shared/Split Screen PvP, Singleplayer",Xbox Controller Support,Windows
620980,Beat Saber,"21 May, 2019",Rp 245 999,Rp 245 999,N/A,52956,95%,Overwhelmingly Positive,"mostplayed, newreleases, topsellers, upcomingreleases","Multi-player, Online PvP, PvP, Singleplayer",N/A,Windows
2424420,Avatar Legends: The Fighting Game,"23 Jul, 2026",Rp 245 999,Rp 245 999,N/A,N/A,N/A,N/A,topsellers,"Multi-player, Online PvP, PvP, Singleplayer","DualShock Controller Support, Dualsense Controller Support, Full Controller Support, Xbox Controller Support",Windows
4556010,Hunt: Showdown 1896 - It Takes a Rogue,"10 Jun, 2026",Rp 85 000,Rp 85 000,N/A,93,77%,Mostly Positive,topsellers,"Co-op, Multi-player, Online Co-op, Online PvP, PvP","Full Controller Support, Xbox Controller Support",Windows
1139900,Ghostrunner,"27 Oct, 2020",Rp 345 000,Rp 86 250,-75%,19221,91%,Very Positive,topsellers,Singleplayer,Xbox Controller Support,Windows
2288630,Taiko no Tatsujin: Rhythm Festival,"6 Nov, 2024",Rp 699 000,Rp 349 500,-50%,1157,83%,Very Positive,"mostplayed, newreleases, topsellers, upcomingreleases","Co-op, Multi-player, Online PvP, PvP, Shared/Split Screen, Shared/Split Screen Co-op, Shared/Split Screen PvP, Singleplayer","DualShock Controller Support, Dualsense Controller Support, Full Controller Support, Gamepad Preferred, Xbox Controller Support",Windows
454650,DRAGON BALL XENOVERSE 2,"27 Oct, 2016",Rp 199 000,Rp 199 000,N/A,18696,89%,Very Positive,"mostplayed, newreleases, topsellers, upcomingreleases","Co-op, Multi-player, Online Co-op, Online PvP, PvP, Shared/Split Screen PvP, Singleplayer","DualShock Controller Support, Full Controller Support, Xbox Controller Support",Windows
1990040,X4: Kingdom End,"12 Apr, 2023",Rp 130 999,Rp 39 299,-70%,452,80%,Very Positive,topsellers,Singleplayer,"DualShock Controller Support, Dualsense Controller Support, Full Controller Support, Xbox Controller Support","SteamOS + Linux, Windows"
2825190,Street Fighter™ 6 - Year 2 Character Pass,"7 Jun, 2024",Rp 389 000,Rp 311 200,-20%,176,55%,Mixed,"mostplayed, newreleases, topsellers, upcomingreleases","Cross-Platform Multiplayer, Multi-player, Online PvP, PvP, Shared/Split Screen, Shared/Split Screen PvP, Singleplayer",Xbox Controller Support,Windows
1145360,Hades,"17 Sep, 2020",Rp 206 999,Rp 206 999,N/A,140727,98%,Overwhelmingly Positive,"mostplayed, newreleases, topsellers, upcomingreleases",Singleplayer,"Full Controller Support, Xbox Controller Support","Windows, macOS"
1173790,FINAL FANTASY III,"12 Aug, 2021",Rp 239 000,Rp 143 400,-40%,1611,93%,Very Positive,topsellers,Singleplayer,Xbox Controller Support,Windows
3152790,Country Pack - Hearts of Iron IV: Graveyard of Empires,"4 Mar, 2025",Rp 169 999,Rp 113 899,-33%,1809,15%,Overwhelmingly Negative,topsellers,"Co-op, Cross-Platform Multiplayer, Multi-player",N/A,"SteamOS + Linux, macOS"
4439280,Forza Horizon 6 Time Attack Car Pack,"18 May, 2026",Rp 129 999,Rp 129 999,N/A,29,96%,Positive,"mostplayed, newreleases, topsellers, upcomingreleases","Co-op, Multi-player, Online Co-op, Online PvP, PvP, Singleplayer","Full Controller Support, Gamepad Preferred, Xbox Controller Support",Windows
1286580,Ship of Fools,"22 Nov, 2022",Rp 219 999,Rp 54 999,-75%,2190,87%,Very Positive,topsellers,"Co-op, Multi-player, Online Co-op, Shared/Split Screen, Shared/Split Screen Co-op, Singleplayer","DualShock Controller Support, Dualsense Controller Support, Full Controller Support, Xbox Controller Support",Windows
3159330,Assassin’s Creed Shadows,"19 Mar, 2025",Rp 799 000,Rp 799 000,N/A,15126,77%,Mostly Positive,"mostplayed, newreleases, topsellers, upcomingreleases",Singleplayer,"DualShock Controller Support, Dualsense Controller Support, Xbox Controller Support",Windows
4399460,Total War: WARHAMMER III - Bhashiva – Character Pack,"21 May, 2026",Rp 54 000,Rp 54 000,N/A,1070,52%,Mixed,"mostplayed, newreleases, topsellers, upcomingreleases","Co-op, LAN Co-op, LAN PvP, Multi-player, Online Co-op, Online PvP, PvP, Singleplayer",N/A,"SteamOS + Linux, Windows, macOS"
3757310,Focus Pack - Hearts of Iron IV: Peace For Our Time,"22 Apr, 2026",Rp 68 999,Rp 68 999,N/A,723,45%,Mixed,"mostplayed, newreleases, topsellers, upcomingreleases","Co-op, Cross-Platform Multiplayer, Multi-player, Singleplayer",N/A,"SteamOS + Linux, Windows, macOS"
361420,ASTRONEER,"5 Feb, 2019",Rp 245 999,Rp 245 999,N/A,53510,91%,Very Positive,"mostplayed, newreleases, topsellers, upcomingreleases","Co-op, Multi-player, Online Co-op, Singleplayer","DualShock Controller Support, Full Controller Support, Xbox Controller Support",Windows
4735130,"1,200 Welcome Pack - Rainbow Six Siege","2 Jun, 2026",Rp 149 000,Rp 149 000,N/A,165,29%,Mostly Negative,topsellers,"Co-op, Multi-player, Online Co-op, Online PvP, PvP, Singleplayer","DualShock Controller Support, Dualsense Controller Support, Full Controller Support, Xbox Controller Support",Windows
3247750,Mycopunk,"10 Jul, 2025",Rp 130 999,Rp 85 149,-35%,2813,91%,Very Positive,topsellers,"Co-op, Multi-player, Online Co-op, Singleplayer","DualShock Controller Support, Dualsense Controller Support, Full Controller Support, Xbox Controller Support",Windows
2333480,RAID: Shadow Legends,"9 Jan, 2024",Free,Free,N/A,1363,59%,Mixed,"mostplayed, newreleases, topsellers, upcomingreleases","Cross-Platform Multiplayer, Multi-player, Online PvP, PvP, Singleplayer",N/A,Windows
3069050,Serpent's Gaze,"25 May, 2026",Rp 134 999,Rp 134 999,N/A,429,90%,Very Positive,"mostplayed, newreleases, topsellers, upcomingreleases","Co-op, Multi-player, Online Co-op, Singleplayer","Full Controller Support, Gamepad Preferred, Xbox Controller Support",Windows
1876890,Wandering Sword,"14 Sep, 2023",Rp 206 999,Rp 206 999,N/A,2269,95%,Overwhelmingly Positive,"mostplayed, newreleases, topsellers, upcomingreleases",Singleplayer,Xbox Controller Support,Windows
257420,Serious Sam 4,"24 Sep, 2020",Rp 299 999,Rp 59 999,-80%,5037,82%,Very Positive,topsellers,"Co-op, Multi-player, Online Co-op, Singleplayer","DualShock Controller Support, Dualsense Controller Support, Full Controller Support, Xbox Controller Support",Windows
2561450,DREDGE - The Iron Rig,"15 Aug, 2024",Rp 139 999,Rp 69 999,-50%,700,81%,Very Positive,topsellers,Singleplayer,"Full Controller Support, Xbox Controller Support","Windows, macOS"
2918150,ONE PIECE Bounty Rush,"23 Sep, 2024",Free,Free,N/A,2503,70%,Mostly Positive,"mostplayed, newreleases, topsellers, upcomingreleases","Co-op, Multi-player, Online Co-op, Online PvP, PvP, Singleplayer","DualShock Controller Support, Dualsense Controller Support, Full Controller Support, Xbox Controller Support",Windows
4558510,ARK Fantastic Tames Season 1,"20 May, 2026",Rp 164 999,Rp 164 999,N/A,59,66%,Mixed,"mostplayed, newreleases, topsellers, upcomingreleases","Co-op, Cross-Platform Multiplayer, LAN Co-op, LAN PvP, Multi-player, Online Co-op, Online PvP, PvP, Shared/Split Screen, Shared/Split Screen Co-op, Singleplayer","Full Controller Support, Xbox Controller Support",Windows
2679460,Metaphor: ReFantazio,"10 Oct, 2024",Rp 799 000,Rp 799 000,N/A,13396,92%,Very Positive,"mostplayed, newreleases, topsellers, upcomingreleases",Singleplayer,"DualShock Controller Support, Dualsense Controller Support, Full Controller Support, Steam Input API Support, Xbox Controller Support",Windows
1611600,WARNO,"23 May, 2024",Rp 479 000,Rp 479 000,N/A,8280,81%,Very Positive,"mostplayed, newreleases, topsellers, upcomingreleases","Co-op, Multi-player, Online Co-op, Online PvP, PvP, Singleplayer",N/A,Windows
4598200,Dune: Imperium - Uprising,"9 Jun, 2026",Rp 134 999,Rp 134 999,N/A,40,90%,Positive,topsellers,"Cross-Platform Multiplayer, Multi-player, Online PvP, PvP, Singleplayer","DualShock Controller Support, Dualsense Controller Support, Full Controller Support, Xbox Controller Support","Windows, macOS"
2142790,Fields of Mistria,"5 Aug, 2024",Rp 122 999,Rp 122 999,N/A,20580,97%,Overwhelmingly Positive,"mostplayed, newreleases, topsellers, upcomingreleases",Singleplayer,"DualShock Controller Support, Dualsense Controller Support, Full Controller Support, Xbox Controller Support",Windows
4412680,Street Fighter™ 6 - Year 4 Character Pass,"5 Jun, 2026",Rp 389 000,Rp 389 000,N/A,24,58%,Mixed,topsellers,"Cross-Platform Multiplayer, Multi-player, Online PvP, PvP, Shared/Split Screen, Shared/Split Screen PvP, Singleplayer",Xbox Controller Support,Windows
436150,Governor of Poker 3,"19 Feb, 2016",Free,Free,N/A,6450,64%,Mixed,"mostplayed, newreleases, topsellers, upcomingreleases","Co-op, Cross-Platform Multiplayer, Multi-player, Online Co-op, Online PvP, PvP",N/A,"Windows, macOS"
1290000,PowerWash Simulator,"14 Jul, 2022",Rp 349 000,Rp 349 000,N/A,38166,97%,Overwhelmingly Positive,"mostplayed, newreleases, topsellers, upcomingreleases","Co-op, Cross-Platform Multiplayer, Multi-player, Online Co-op, Singleplayer","DualShock Controller Support, Dualsense Controller Support, Full Controller Support, Xbox Controller Support",Windows
2239710,Into the Dead: Our Darkest Days,"9 Apr, 2025",Rp 206 999,Rp 165 599,-20%,2784,92%,Very Positive,"mostplayed, newreleases, topsellers, upcomingreleases",Singleplayer,"DualShock Controller Support, Dualsense Controller Support, Full Controller Support, Xbox Controller Support","Windows, macOS"
4424920,ARC Raiders - The Wasp Hunter Set,"31 Mar, 2026",Rp 230 000,Rp 230 000,N/A,62,91%,Very Positive,"mostplayed, newreleases, topsellers, upcomingreleases","Co-op, Cross-Platform Multiplayer, Multi-player, Online Co-op, Online PvP, PvP","DualShock Controller Support, Dualsense Controller Support, Full Controller Support, Xbox Controller Support",Windows
1824220,Chivalry 2,"12 Jun, 2022",Rp 169 999,Rp 169 999,N/A,22688,81%,Very Positive,"mostplayed, newreleases, topsellers, upcomingreleases","Cross-Platform Multiplayer, Multi-player, Online PvP, PvP",Xbox Controller Support,Windows
2868390,Brotato: Abyssal Terrors,"25 Oct, 2024",Rp 37 999,Rp 30 399,-20%,964,85%,Very Positive,topsellers,"Co-op, Multi-player, Shared/Split Screen, Shared/Split Screen Co-op, Singleplayer","Full Controller Support, Xbox Controller Support","SteamOS + Linux, Windows, macOS"
2806640,The Talos Principle: Reawakened,"10 Apr, 2025",Rp 299 999,Rp 74 999,-75%,933,90%,Very Positive,topsellers,Singleplayer,"Full Controller Support, Xbox Controller Support",Windows
1676840,For The King II,"2 Nov, 2023",Rp 239 999,Rp 239 999,N/A,5275,79%,Mostly Positive,"mostplayed, newreleases, topsellers, upcomingreleases","Co-op, Cross-Platform Multiplayer, Multi-player, Online Co-op, Shared/Split Screen, Shared/Split Screen Co-op, Singleplayer","DualShock Controller Support, Dualsense Controller Support, Full Controller Support, Xbox Controller Support",Windows
996770,Moving Out,"28 Apr, 2020",Rp 199 999,Rp 19 999,-90%,1610,82%,Very Positive,topsellers,"Co-op, Multi-player, Shared/Split Screen, Shared/Split Screen Co-op, Singleplayer","Full Controller Support, Xbox Controller Support",Windows
1013320,Firestone – Idle Clicker Online RPG,"1 Apr, 2024",Free,Free,N/A,2452,71%,Mostly Positive,"mostplayed, newreleases, topsellers, upcomingreleases","Cross-Platform Multiplayer, Multi-player, Singleplayer",N/A,"SteamOS + Linux, Windows, macOS"
3717330,Yakuza Kiwami,"11 Dec, 2025",Rp 200 000,Rp 120 000,-40%,903,79%,Mostly Positive,"mostplayed, newreleases, topsellers, upcomingreleases",Singleplayer,"DualShock Controller Support, Dualsense Controller Support, Full Controller Support, Steam Input API Support, Xbox Controller Support",Windows
2119830,MISERY,"23 Oct, 2025",Rp 114 999,Rp 114 999,N/A,7251,83%,Very Positive,"mostplayed, newreleases, topsellers, upcomingreleases","Co-op, LAN Co-op, Multi-player, Online Co-op, Singleplayer","DualShock Controller Support, Dualsense Controller Support, Xbox Controller Support","SteamOS + Linux, Windows"
2373990,Solo Leveling: ARISE OVERDRIVE,"24 Nov, 2025",Rp 449 000,Rp 449 000,N/A,2874,76%,Mostly Positive,"mostplayed, newreleases, topsellers, upcomingreleases","Co-op, Multi-player, Online Co-op, Singleplayer","DualShock Controller Support, Dualsense Controller Support, Full Controller Support, Xbox Controller Support",Windows
926990,WolfQuest: Anniversary Edition,"22 Jul, 2025",Rp 245 999,Rp 245 999,N/A,9798,97%,Overwhelmingly Positive,"mostplayed, newreleases, topsellers, upcomingreleases","Co-op, Multi-player, Online Co-op, Singleplayer","Full Controller Support, Xbox Controller Support","Windows, macOS"
4218170,Fishing Planet: Valkyrie Saga Pack,"18 Dec, 2025",Rp 505 999,Rp 505 999,N/A,37,37%,Mostly Negative,topsellers,"Co-op, Multi-player, Online Co-op, Online PvP, PvP, Singleplayer","DualShock Controller Support, Dualsense Controller Support, Full Controller Support, Xbox Controller Support","SteamOS + Linux, Windows, macOS"
1634860,Minishoot' Adventures,"2 Apr, 2024",Rp 130 999,Rp 65 499,-50%,3794,98%,Overwhelmingly Positive,topsellers,Singleplayer,"DualShock Controller Support, Dualsense Controller Support, Full Controller Support, Gamepad Preferred, Xbox Controller Support","Windows, macOS"
239140,Dying Light,"12 Mar, 2025",Rp 291 000,Rp 291 000,N/A,97383,94%,Very Positive,"mostplayed, newreleases, topsellers, upcomingreleases","Co-op, Multi-player, Online Co-op, Online PvP, PvP, Singleplayer","DualShock Controller Support, Dualsense Controller Support, Full Controller Support, Xbox Controller Support","SteamOS + Linux, Windows, macOS"
678960,CODE VEIN,"26 Sep, 2019",Rp 499 000,Rp 49 900,-90%,18999,86%,Very Positive,"mostplayed, newreleases, topsellers, upcomingreleases","Co-op, Multi-player, Online Co-op, Singleplayer","DualShock Controller Support, Xbox Controller Support",Windows
1657630,Slime Rancher 2,"23 Sep, 2025",Rp 230 000,Rp 230 000,N/A,23290,94%,Very Positive,"mostplayed, newreleases, topsellers, upcomingreleases",Singleplayer,"Full Controller Support, Xbox Controller Support",Windows
916440,Anno 1800,"16 Apr, 2019",Rp 619 000,Rp 619 000,N/A,11729,78%,Mostly Positive,"mostplayed, newreleases, topsellers, upcomingreleases","Co-op, Multi-player, Online Co-op, Online PvP, PvP, Singleplayer",N/A,Windows
4013290,"Warhammer 40,000: Darktide - Hive Scum Class","2 Dec, 2025",Rp 129 999,Rp 129 999,N/A,1975,47%,Mixed,"mostplayed, newreleases, topsellers, upcomingreleases","Co-op, Cross-Platform Multiplayer, Multi-player, Online Co-op",Xbox Controller Support,Windows
1353060,Rust - Sunburn Pack,"9 Jul, 2020",Rp 82 000,Rp 41 000,-50%,865,89%,Very Positive,topsellers,"Co-op, Cross-Platform Multiplayer, Multi-player, Online Co-op, Online PvP, PvP",N/A,"Windows, macOS"
1588550,Cairn,"29 Jan, 2026",Rp 245 999,Rp 245 999,N/A,8869,94%,Very Positive,"mostplayed, newreleases, topsellers, upcomingreleases",Singleplayer,"DualShock Controller Support, Dualsense Controller Support, Full Controller Support, Gamepad Preferred, Xbox Controller Support",Windows
246620,Plague Inc: Evolved,"18 Feb, 2016",Rp 130 999,Rp 130 999,N/A,26019,93%,Very Positive,"mostplayed, newreleases, topsellers, upcomingreleases","Co-op, Multi-player, Online Co-op, Online PvP, PvP, Singleplayer",Xbox Controller Support,"SteamOS + Linux, Windows, macOS"
2375550,Like a Dragon Gaiden: The Man Who Erased His Name,"8 Nov, 2023",Rp 510 000,Rp 153 000,-70%,4846,96%,Overwhelmingly Positive,"mostplayed, newreleases, topsellers, upcomingreleases",Singleplayer,"DualShock Controller Support, Dualsense Controller Support, Full Controller Support, Xbox Controller Support",Windows
1211020,Wobbly Life,"18 Sep, 2025",Rp 206 999,Rp 134 549,-35%,17246,97%,Overwhelmingly Positive,"mostplayed, newreleases, topsellers, upcomingreleases","Co-op, Multi-player, Online Co-op, Shared/Split Screen, Shared/Split Screen Co-op, Singleplayer","DualShock Controller Support, Dualsense Controller Support, Full Controller Support, Xbox Controller Support",Windows
208650,Batman™: Arkham Knight,"23 Jun, 2015",Rp 135 999,Rp 135 999,N/A,49834,92%,Very Positive,"mostplayed, newreleases, topsellers, upcomingreleases",Singleplayer,"Full Controller Support, Xbox Controller Support",Windows
3602570,Horsey Game,"18 Feb, 2026",Rp 90 999,Rp 90 999,N/A,2097,96%,Overwhelmingly Positive,"mostplayed, newreleases, topsellers, upcomingreleases",Singleplayer,N/A,"Windows, macOS"
1533390,Gorilla Tag,"1 Jan, 2023",Rp 165 999,Rp 165 999,N/A,45537,93%,Very Positive,"mostplayed, newreleases, topsellers, upcomingreleases","Cross-Platform Multiplayer, Multi-player, Online PvP, PvP",N/A,Windows
2830030,MOTORSLICE,"5 May, 2026",Rp 165 999,Rp 165 999,N/A,2495,86%,Very Positive,"mostplayed, newreleases, topsellers, upcomingreleases",Singleplayer,"DualShock Controller Support, Full Controller Support, Xbox Controller Support",Windows
4523380,Company of Heroes 3: Dare & Destroy,"14 May, 2026",Rp 204 500,Rp 204 500,N/A,241,52%,Mixed,"mostplayed, newreleases, topsellers, upcomingreleases","Co-op, Multi-player, Online Co-op, Online PvP, PvP, Singleplayer",N/A,Windows
1321440,Cassette Beasts,"26 Apr, 2023",Rp 165 999,Rp 58 099,-65%,6078,95%,Overwhelmingly Positive,topsellers,"Co-op, Multi-player, Online PvP, PvP, Shared/Split Screen, Shared/Split Screen Co-op, Singleplayer","DualShock Controller Support, Dualsense Controller Support, Full Controller Support, Xbox Controller Support","SteamOS + Linux, Windows"
219990,Grim Dawn,"25 Feb, 2016",Rp 206 999,Rp 206 999,N/A,39373,95%,Overwhelmingly Positive,"mostplayed, newreleases, topsellers, upcomingreleases","Co-op, LAN Co-op, Multi-player, Online Co-op, Singleplayer","Full Controller Support, Xbox Controller Support",Windows
573090,Stormworks: Build and Rescue,"17 Sep, 2020",Rp 206 999,Rp 206 999,N/A,40733,90%,Very Positive,"mostplayed, newreleases, topsellers, upcomingreleases","Co-op, Multi-player, Online Co-op, Online PvP, PvP, Singleplayer",Xbox Controller Support,"Windows, macOS"
2475460,SOS OPS!,"30 Nov, 2023",Rp 74 999,Rp 7 499,-90%,473,78%,Mostly Positive,topsellers,"Co-op, LAN Co-op, LAN PvP, Multi-player, Online Co-op, Online PvP, PvP, Shared/Split Screen, Shared/Split Screen Co-op, Shared/Split Screen PvP, Singleplayer","DualShock Controller Support, Dualsense Controller Support, Xbox Controller Support",Windows
359320,Elite Dangerous,"2 Apr, 2015",Rp 198 999,Rp 198 999,N/A,52848,76%,Mostly Positive,"mostplayed, newreleases, topsellers, upcomingreleases","Co-op, Multi-player, Singleplayer",Xbox Controller Support,Windows
1258080,Shop Titans,"5 May, 2020",Free,Free,N/A,6259,76%,Mostly Positive,"mostplayed, newreleases, topsellers, upcomingreleases","Co-op, Cross-Platform Multiplayer, Multi-player, Online Co-op, Singleplayer",N/A,Windows
1335200,Action Taimanin,"5 Oct, 2020",Free,Free,N/A,3521,80%,Very Positive,"mostplayed, newreleases, topsellers, upcomingreleases","Multi-player, Online PvP, PvP, Singleplayer",Xbox Controller Support,Windows
4630570,RUNNING TRAIN | 走ル列車！,"24 May, 2026",Rp 229 000,Rp 229 000,N/A,1142,97%,Overwhelmingly Positive,"mostplayed, newreleases, topsellers, upcomingreleases",Singleplayer,"Full Controller Support, Xbox Controller Support",Windows
2890190,Cult of the Lamb: Pilgrim Pack,"12 Aug, 2024",Rp 65 000,Rp 52 000,-20%,208,94%,Very Positive,topsellers,"Co-op, Multi-player, Shared/Split Screen, Shared/Split Screen Co-op, Singleplayer","DualShock Controller Support, Full Controller Support, Gamepad Preferred, Steam Input API Support, Xbox Controller Support","Windows, macOS"
1670430,Rust - Voice Props Pack,"1 Jul, 2021",Rp 109 999,Rp 54 999,-50%,1913,86%,Very Positive,topsellers,"Co-op, Cross-Platform Multiplayer, Multi-player, Online Co-op, Online PvP, PvP",N/A,"Windows, macOS"
2934220,Monsters are Coming!,"20 Nov, 2025",Rp 82 499,Rp 57 749,-30%,1139,82%,Very Positive,topsellers,Singleplayer,"DualShock Controller Support, Dualsense Controller Support, Full Controller Support, Xbox Controller Support",Windows
767320,Granblue Fantasy,"10 Mar, 2026",Free,Free,N/A,891,40%,Mixed,topsellers,"Co-op, Multi-player, Online Co-op, Singleplayer",N/A,Windows
431730,Aseprite,"22 Feb, 2016",Rp 108 999,Rp 108 999,N/A,11753,99%,Overwhelmingly Positive,"mostplayed, newreleases, topsellers, upcomingreleases",N/A,N/A,"SteamOS + Linux, Windows, macOS"
1333350,Angel Legion,"14 Aug, 2020",Free,Free,N/A,2456,80%,Very Positive,"mostplayed, newreleases, topsellers, upcomingreleases","Co-op, Multi-player, Online Co-op, Online PvP, PvP, Singleplayer",N/A,"Windows, macOS"
3796270,Cosmetic Pack - Hearts of Iron IV: Warships of the Pacific,"17 Mar, 2026",Rp 56 999,Rp 56 999,N/A,93,51%,Mixed,topsellers,"Co-op, Cross-Platform Multiplayer, Multi-player, Singleplayer",N/A,"SteamOS + Linux, Windows, macOS"
4371500,MechWarrior 5: Mercenaries - Chaos Reign,"26 May, 2026",Rp 174 999,Rp 174 999,N/A,158,75%,Mostly Positive,"mostplayed, newreleases, topsellers, upcomingreleases","Co-op, Multi-player, Online Co-op, Singleplayer",Xbox Controller Support,Windows
1829590,HITMAN 3 Access Pass: HITMAN 2 Expansion,"20 Jan, 2022",Rp 90 999,Rp 63 699,-30%,580,27%,Mostly Negative,topsellers,Singleplayer,"DualShock Controller Support, Dualsense Controller Support, Full Controller Support, Xbox Controller Support","Windows, macOS"
2622000,Astral Party,"28 Feb, 2024",Free,Free,N/A,1796,76%,Mostly Positive,"mostplayed, newreleases, topsellers, upcomingreleases","Co-op, Multi-player, Online Co-op, Online PvP, PvP",N/A,Windows
3717340,Yakuza Kiwami 2,"11 Dec, 2025",Rp 299 000,Rp 179 400,-40%,810,79%,Mostly Positive,topsellers,"Multi-player, Singleplayer","DualShock Controller Support, Dualsense Controller Support, Full Controller Support, Steam Input API Support, Xbox Controller Support",Windows
2452280,Mecha BREAK,"1 Jul, 2025",Free,Free,N/A,11479,71%,Mostly Positive,"mostplayed, newreleases, topsellers, upcomingreleases","Co-op, Multi-player, Online Co-op, Online PvP, PvP","DualShock Controller Support, Dualsense Controller Support, Full Controller Support, Xbox Controller Support",Windows
2071280,Ravenswatch,"26 Sep, 2024",Rp 245 999,Rp 245 999,N/A,7987,85%,Very Positive,"mostplayed, newreleases, topsellers, upcomingreleases","Co-op, Multi-player, Online Co-op, Singleplayer","DualShock Controller Support, Dualsense Controller Support, Full Controller Support, Xbox Controller Support",Windows
214950,Total War: ROME II - Emperor Edition,"2 Sep, 2013",Rp 540 999,Rp 540 999,N/A,31792,85%,Very Positive,"mostplayed, newreleases, topsellers, upcomingreleases","Co-op, LAN Co-op, LAN PvP, Multi-player, Online Co-op, Online PvP, PvP, Singleplayer",N/A,"Windows, macOS"
629520,Soundpad,"30 Sep, 2017",Rp 47 499,Rp 47 499,N/A,27767,95%,Overwhelmingly Positive,"mostplayed, newreleases, topsellers, upcomingreleases",N/A,N/A,Windows
3210350,Vampire Survivors: Ode to Castlevania,"31 Oct, 2024",Rp 37 000,Rp 27 750,-25%,1842,97%,Overwhelmingly Positive,topsellers,Singleplayer,"Full Controller Support, Xbox Controller Support","Windows, macOS"
1369700,Solar Expanse - Space Exploration Manager,"9 Apr, 2026",Rp 159 999,Rp 127 999,-20%,950,86%,Very Positive,"mostplayed, newreleases, topsellers, upcomingreleases",Singleplayer,N/A,Windows
990080,Hogwarts Legacy,"10 Feb, 2023",Rp 799 000,Rp 799 000,N/A,141583,91%,Very Positive,"mostplayed, newreleases, topsellers, upcomingreleases",Singleplayer,"DualShock Controller Support, Dualsense Controller Support, Full Controller Support, Xbox Controller Support",Windows
435150,Divinity: Original Sin 2 - Definitive Edition,"14 Sep, 2017",Rp 335 999,Rp 335 999,N/A,82848,95%,Overwhelmingly Positive,"mostplayed, newreleases, topsellers, upcomingreleases","Co-op, Multi-player, Online Co-op, Online PvP, PvP, Shared/Split Screen, Shared/Split Screen Co-op, Shared/Split Screen PvP, Singleplayer","Full Controller Support, Xbox Controller Support","Windows, macOS"
3354750,skate.,"16 Sep, 2025",Free,Free,N/A,59665,63%,Mixed,"mostplayed, newreleases, topsellers, upcomingreleases","Co-op, Cross-Platform Multiplayer, Multi-player, Online Co-op, Online PvP, PvP","DualShock Controller Support, Dualsense Controller Support, Full Controller Support, Xbox Controller Support",Windows
1256670,Library Of Ruina,"10 Aug, 2021",Rp 139 999,Rp 139 999,N/A,13621,96%,Overwhelmingly Positive,topsellers,Singleplayer,Xbox Controller Support,Windows
1701060,X4: Tides of Avarice,"14 Mar, 2022",Rp 130 999,Rp 39 299,-70%,327,75%,Mostly Positive,topsellers,Singleplayer,"DualShock Controller Support, Dualsense Controller Support, Full Controller Support, Xbox Controller Support","SteamOS + Linux, Windows"
1343370,Old School RuneScape,"24 Feb, 2021",Free,Free,N/A,17803,82%,Very Positive,"mostplayed, newreleases, topsellers, upcomingreleases","Cross-Platform Multiplayer, Multi-player",N/A,"Windows, macOS"
12210,Grand Theft Auto IV: The Complete Edition,"24 Mar, 2020",Rp 210 000,Rp 210 000,N/A,70541,81%,Very Positive,"mostplayed, newreleases, topsellers, upcomingreleases","Multi-player, Singleplayer",Xbox Controller Support,Windows
690790,DiRT Rally 2.0,"25 Feb, 2019",Rp 119 999,Rp 119 999,N/A,18589,89%,Very Positive,"mostplayed, newreleases, topsellers, upcomingreleases","Multi-player, Online PvP, PvP, Singleplayer","Full Controller Support, Xbox Controller Support",Windows
3920680,Gunfire Reborn - Echoes From Primal Grove,"22 Oct, 2025",Rp 55 100,Rp 49 590,-10%,242,75%,Mostly Positive,topsellers,"Co-op, Multi-player, Online Co-op, Singleplayer","DualShock Controller Support, Dualsense Controller Support, Full Controller Support, Xbox Controller Support",Windows
4439260,Forza Horizon 6 Welcome Pack,"18 May, 2026",Rp 64 999,Rp 64 999,N/A,45,88%,Positive,"mostplayed, newreleases, topsellers, upcomingreleases","Co-op, Multi-player, Online Co-op, Online PvP, PvP, Singleplayer","Full Controller Support, Gamepad Preferred, Xbox Controller Support",Windows
247080,Crypt of the NecroDancer,"23 Apr, 2015",Rp 130 999,Rp 26 199,-80%,12490,95%,Overwhelmingly Positive,topsellers,"Co-op, Multi-player, Shared/Split Screen Co-op, Singleplayer","DualShock Controller Support, Dualsense Controller Support, Full Controller Support, Steam Input API Support, Xbox Controller Support","SteamOS + Linux, Windows, macOS"
3178350,WARRIORS: Abyss,"12 Feb, 2025",Rp 338 000,Rp 169 000,-50%,1905,85%,Very Positive,topsellers,Singleplayer,"DualShock Controller Support, Dualsense Controller Support, Full Controller Support, Xbox Controller Support",Windows
1569580,Blue Prince,"10 Apr, 2025",Rp 245 999,Rp 245 999,N/A,13624,86%,Very Positive,"mostplayed, newreleases, topsellers, upcomingreleases",Singleplayer,"Dualsense Controller Support, Full Controller Support, Xbox Controller Support","Windows, macOS"
3700980,How to Make an Atomic Bomb in Your Garden,"9 Jun, 2026",Rp 74 000,Rp 62 900,-15%,532,87%,Very Positive,topsellers,Singleplayer,N/A,Windows
1274570,DEVOUR,"28 Jan, 2021",Rp 90 999,Rp 90 999,N/A,20608,90%,Very Positive,"mostplayed, newreleases, topsellers, upcomingreleases","Co-op, Multi-player, Online Co-op, Singleplayer","DualShock Controller Support, Dualsense Controller Support, Full Controller Support, Xbox Controller Support","Windows, macOS"
477160,Human Fall Flat,"22 Jul, 2016",Rp 125 999,Rp 125 999,N/A,30574,95%,Overwhelmingly Positive,"mostplayed, newreleases, topsellers, upcomingreleases","Co-op, Multi-player, Online PvP, PvP, Shared/Split Screen, Shared/Split Screen Co-op, Singleplayer","Full Controller Support, Xbox Controller Support","Windows, macOS"
3583210,Crashout Crew,"28 May, 2026",Rp 67 500,Rp 67 500,N/A,788,94%,Very Positive,"mostplayed, newreleases, topsellers, upcomingreleases","Co-op, Multi-player, Online Co-op, Singleplayer","Full Controller Support, Gamepad Preferred, Xbox Controller Support",Windows
2198150,Tiny Glade,"23 Sep, 2024",Rp 130 999,Rp 130 999,N/A,13357,97%,Overwhelmingly Positive,"mostplayed, newreleases, topsellers, upcomingreleases",Singleplayer,"DualShock Controller Support, Steam Input API Support, Xbox Controller Support","SteamOS + Linux, Windows, macOS"
3211120,Dark and Darker - Legendary Status,"5 Dec, 2024",Rp 480 000,Rp 480 000,N/A,287,44%,Mixed,"mostplayed, newreleases, topsellers, upcomingreleases","Co-op, Multi-player, Online Co-op, Online PvP, PvP",N/A,Windows
2695150,Country Pack - Hearts of Iron IV: Trial of Allegiance,"7 Mar, 2024",Rp 169 999,Rp 67 999,-60%,1080,37%,Mostly Negative,topsellers,"Co-op, Cross-Platform Multiplayer, Multi-player",N/A,"SteamOS + Linux, macOS"
1392840,RimWorld - Ideology,"20 Jul, 2021",Rp 165 999,Rp 165 999,N/A,2229,83%,Very Positive,"mostplayed, newreleases, topsellers, upcomingreleases",Singleplayer,N/A,"SteamOS + Linux, Windows, macOS"
1288460,X4: Cradle of Humanity,"16 Mar, 2021",Rp 130 999,Rp 39 299,-70%,378,82%,Very Positive,topsellers,Singleplayer,"DualShock Controller Support, Dualsense Controller Support, Full Controller Support, Xbox Controller Support","SteamOS + Linux, Windows"
2669410,Metro Awakening,"7 Nov, 2024",Rp 360 000,Rp 180 000,-50%,1781,74%,Mostly Positive,topsellers,Singleplayer,N/A,Windows
1663850,REPLACED,"14 Apr, 2026",Rp 165 999,Rp 165 999,N/A,2568,84%,Very Positive,"mostplayed, newreleases, topsellers, upcomingreleases",Singleplayer,"DualShock Controller Support, Dualsense Controller Support, Full Controller Support, Xbox Controller Support",Windows
1527950,Wartales,"12 Apr, 2023",Rp 379 999,Rp 379 999,N/A,13311,85%,Very Positive,"mostplayed, newreleases, topsellers, upcomingreleases","Co-op, Multi-player, Online Co-op, Singleplayer","Full Controller Support, Xbox Controller Support",Windows
3167020,Escape From Duckov,"16 Oct, 2025",Rp 213 556,Rp 213 556,N/A,10230,93%,Very Positive,"mostplayed, newreleases, topsellers, upcomingreleases",Singleplayer,N/A,"Windows, macOS"
1593030,Terra Nil,"28 Mar, 2023",Rp 206 999,Rp 82 799,-60%,4771,86%,Very Positive,topsellers,Singleplayer,"Full Controller Support, Xbox Controller Support","SteamOS + Linux, Windows, macOS"
292140,FINAL FANTASY® XIII-2,"11 Dec, 2014",Rp 190 000,Rp 76 000,-60%,2891,58%,Mixed,topsellers,Singleplayer,Xbox Controller Support,Windows
22380,Fallout: New Vegas,"21 Oct, 2010",Rp 89 999,Rp 89 999,N/A,167973,96%,Overwhelmingly Positive,"mostplayed, newreleases, topsellers, upcomingreleases",Singleplayer,Xbox Controller Support,Windows
1648533,Icarus: Dangerous Horizons Expansion,"5 Mar, 2026",Rp 245 999,Rp 245 999,N/A,228,81%,Very Positive,"mostplayed, newreleases, topsellers, upcomingreleases","Co-op, Multi-player, Online Co-op, Singleplayer",N/A,Windows
3017860,DOOM: The Dark Ages,"14 May, 2025",Rp 999 999,Rp 999 999,N/A,17514,85%,Very Positive,"mostplayed, newreleases, topsellers, upcomingreleases",Singleplayer,"DualShock Controller Support, Dualsense Controller Support, Full Controller Support, Xbox Controller Support",Windows
1682970,Uncrashed : FPV Drone Simulator,"1 Sep, 2021",Rp 149 999,Rp 149 999,N/A,2066,94%,Very Positive,"mostplayed, newreleases, topsellers, upcomingreleases","Multi-player, Online PvP, PvP, Singleplayer","DualShock Controller Support, Dualsense Controller Support, Xbox Controller Support","Windows, macOS"
2881150,ARK: Bob's Tall Tales,"1 Apr, 2024",Rp 466 084,Rp 466 084,N/A,1341,49%,Mixed,"mostplayed, newreleases, topsellers, upcomingreleases","Co-op, Cross-Platform Multiplayer, LAN Co-op, LAN PvP, Multi-player, Online Co-op, Online PvP, PvP, Shared/Split Screen, Shared/Split Screen Co-op, Singleplayer","Full Controller Support, Xbox Controller Support",Windows
4164900,Gacha Capsule Shop Simulator - Akihabara,"8 Jun, 2026",Rp 145 843,Rp 91 024,-38%,205,78%,Mostly Positive,topsellers,Singleplayer,N/A,Windows
4249120,Resident Evil 3 Nemesis (1999),"1 Apr, 2026",Rp 129 000,Rp 64 500,-50%,1940,88%,Very Positive,topsellers,Singleplayer,"DualShock Controller Support, Dualsense Controller Support, Xbox Controller Support",Windows
1602000,Hotel Architect,"14 May, 2026",Rp 222 598,Rp 222 598,N/A,1523,94%,Very Positive,"mostplayed, newreleases, topsellers, upcomingreleases",Singleplayer,N/A,Windows
460930,Tom Clancy's Ghost Recon® Wildlands,"6 Mar, 2017",Rp 515 000,Rp 515 000,N/A,37512,80%,Very Positive,"mostplayed, newreleases, topsellers, upcomingreleases","Co-op, Multi-player, Singleplayer",Xbox Controller Support,Windows
4104440,Dragon Traveler,"10 Feb, 2026",Free,Free,N/A,466,66%,Mixed,"mostplayed, newreleases, topsellers, upcomingreleases","Co-op, Multi-player, Online Co-op, Online PvP, PvP, Singleplayer",N/A,Windows
979110,Space Haven,"13 May, 2026",Rp 149 999,Rp 149 999,N/A,5815,85%,Very Positive,"mostplayed, newreleases, topsellers, upcomingreleases",Singleplayer,"DualShock Controller Support, Xbox Controller Support","SteamOS + Linux, Windows, macOS"
1468810,鬼谷八荒 Tale of Immortal,"26 May, 2023",Rp 108 999,Rp 108 999,N/A,3724,79%,Mostly Positive,"mostplayed, newreleases, topsellers, upcomingreleases",Singleplayer,"DualShock Controller Support, Full Controller Support, Xbox Controller Support",Windows
2203070,Dragonheir: Silent Gods,"26 Oct, 2023",Free,Free,N/A,1270,55%,Mixed,topsellers,"Co-op, Cross-Platform Multiplayer, Multi-player, Online Co-op",N/A,Windows
2697000,The Legend of Khiimori,"3 Mar, 2026",Rp 457 874,Rp 457 874,N/A,1484,84%,Very Positive,"mostplayed, newreleases, topsellers, upcomingreleases",Singleplayer,"Full Controller Support, Xbox Controller Support",Windows
2308690,Ground of Aces,"10 Jul, 2025",Rp 245 999,Rp 159 899,-35%,1301,84%,Very Positive,topsellers,Singleplayer,N/A,"Windows, macOS"
3511300,Le Mans Ultimate - 2024 Pack 5,"10 Jun, 2025",Rp 199 999,Rp 129 999,-35%,40,70%,Mostly Positive,topsellers,"Multi-player, Online PvP, PvP, Singleplayer",Xbox Controller Support,Windows
3119540,Scriptorium: Master of Manuscripts,"16 Apr, 2026",Rp 134 999,Rp 107 999,-20%,892,98%,Overwhelmingly Positive,"mostplayed, newreleases, topsellers, upcomingreleases",Singleplayer,N/A,Windows
838350,The Scroll Of Taiwu,"20 Sep, 2018",Rp 280 000,Rp 280 000,N/A,707,74%,Mostly Positive,topsellers,Singleplayer,N/A,Windows
2288150,ROMANCE OF THE THREE KINGDOMS 8 REMAKE,"23 Oct, 2024",Rp 810 000,Rp 486 000,-40%,360,71%,Mostly Positive,"mostplayed, newreleases, topsellers, upcomingreleases",Singleplayer,Xbox Controller Support,Windows
345350,LIGHTNING RETURNS™: FINAL FANTASY® XIII,"10 Dec, 2015",Rp 190 000,Rp 76 000,-60%,2182,79%,Mostly Positive,topsellers,Singleplayer,Xbox Controller Support,Windows
1372110,JoJo's Bizarre Adventure: All-Star Battle R,"1 Sep, 2022",Rp 699 000,Rp 195 720,-72%,5425,89%,Very Positive,"mostplayed, newreleases, topsellers, upcomingreleases","Co-op, Multi-player, Shared/Split Screen, Shared/Split Screen Co-op, Singleplayer","DualShock Controller Support, Dualsense Controller Support, Full Controller Support, Xbox Controller Support",Windows
1367080,MOBILE SUIT GUNDAM BATTLE OPERATION 2,"30 May, 2023",Free,Free,N/A,6828,34%,Mostly Negative,topsellers,"Multi-player, Online PvP, PvP, Singleplayer","DualShock Controller Support, Dualsense Controller Support, Steam Input API Support, Xbox Controller Support",Windows
3618030,Flock Around,"24 Apr, 2026",Rp 42 200,Rp 33 760,-20%,1321,98%,Overwhelmingly Positive,"mostplayed, newreleases, topsellers, upcomingreleases","Co-op, Multi-player, Online Co-op, Singleplayer","DualShock Controller Support, Dualsense Controller Support, Xbox Controller Support","SteamOS + Linux, Windows, macOS"
2624870,Life is Strange: Reunion,"26 Mar, 2026",Rp 579 000,Rp 579 000,N/A,2157,89%,Very Positive,"mostplayed, newreleases, topsellers, upcomingreleases",Singleplayer,"DualShock Controller Support, Dualsense Controller Support, Full Controller Support, Xbox Controller Support",Windows
1617400,The Bazaar,"13 Aug, 2025",Rp 165 999,Rp 165 999,N/A,5627,79%,Mostly Positive,"mostplayed, newreleases, topsellers, upcomingreleases","Multi-player, Online PvP, PvP, Singleplayer",N/A,"Windows, macOS"
1007040,EARTH DEFENSE FORCE 5,"11 Jul, 2019",Rp 249 999,Rp 102 499,-59%,5600,95%,Overwhelmingly Positive,topsellers,"Co-op, Multi-player, Online Co-op, Online PvP, PvP, Shared/Split Screen, Shared/Split Screen Co-op, Singleplayer","Full Controller Support, Xbox Controller Support",Windows
1205970,MX vs ATV Legends,"28 Jun, 2022",Rp 372 000,Rp 372 000,N/A,2799,79%,Mostly Positive,"mostplayed, newreleases, topsellers, upcomingreleases","Multi-player, Online PvP, PvP, Shared/Split Screen, Shared/Split Screen PvP, Singleplayer","DualShock Controller Support, Dualsense Controller Support, Full Controller Support, Gamepad Preferred, Xbox Controller Support",Windows
3985950,R.I.P. - Reincarnation Insurance Program,"25 Jan, 2026",Rp 154 348,Rp 100 776,-35%,629,80%,Very Positive,topsellers,Singleplayer,Xbox Controller Support,Windows
1173770,FINAL FANTASY,"12 Aug, 2021",Rp 159 000,Rp 95 400,-40%,5451,95%,Overwhelmingly Positive,topsellers,Singleplayer,Xbox Controller Support,Windows
1573360,Infinity Kingdom,"1 Jul, 2021",Free,Free,N/A,1182,53%,Mixed,topsellers,"Cross-Platform Multiplayer, Multi-player, Online PvP, PvP, Singleplayer",N/A,"Windows, macOS"
474960,Quantum Break,"29 Sep, 2016",Rp 269 999,Rp 53 999,-80%,7299,83%,Very Positive,topsellers,Singleplayer,"Full Controller Support, Xbox Controller Support",Windows
1419170,My Singing Monsters,"24 Mar, 2021",Free,Free,N/A,31243,94%,Very Positive,"mostplayed, newreleases, topsellers, upcomingreleases","Co-op, Multi-player, Online Co-op, Singleplayer",N/A,Windows
1435790,Escape Simulator,"19 Oct, 2021",Rp 169 000,Rp 169 000,N/A,8881,95%,Overwhelmingly Positive,"mostplayed, newreleases, topsellers, upcomingreleases","Co-op, Cross-Platform Multiplayer, Multi-player, Online Co-op, Online PvP, PvP, Singleplayer","DualShock Controller Support, Dualsense Controller Support, Full Controller Support, Steam Input API Support, Xbox Controller Support","Windows, macOS"
1162750,Songs of Syx,"21 Sep, 2020",Rp 206 999,Rp 206 999,N/A,5787,95%,Overwhelmingly Positive,"mostplayed, newreleases, topsellers, upcomingreleases",Singleplayer,N/A,"SteamOS + Linux, Windows, macOS"
4764930,Master of Command - The Lion & Eagle,"1 Jun, 2026",Rp 109 999,Rp 109 999,N/A,58,98%,Very Positive,"mostplayed, topsellers",Singleplayer,N/A,Windows
1604270,Broken Arrow,"19 Jun, 2025",Rp 375 999,Rp 375 999,N/A,9408,61%,Mixed,"mostplayed, newreleases, topsellers, upcomingreleases","Co-op, Multi-player, Online Co-op, Online PvP, PvP, Singleplayer",N/A,Windows
1372280,MELTY BLOOD: TYPE LUMINA,"29 Sep, 2021",Rp 209 999,Rp 62 999,-70%,5212,91%,Very Positive,topsellers,"Multi-player, Online PvP, PvP, Shared/Split Screen, Shared/Split Screen PvP, Singleplayer","Gamepad Preferred, Xbox Controller Support",Windows
1898300,ASKA,"20 Jun, 2024",Rp 165 000,Rp 132 000,-20%,5431,79%,Mostly Positive,topsellers,"Co-op, Multi-player, Online Co-op, Singleplayer","DualShock Controller Support, Dualsense Controller Support, Full Controller Support, Xbox Controller Support",Windows
489630,"Warhammer 40,000: Gladius - Relics of War","12 Jul, 2018",Rp 299 999,Rp 299 999,N/A,5181,81%,Very Positive,"mostplayed, newreleases, topsellers, upcomingreleases","Co-op, Cross-Platform Multiplayer, LAN Co-op, LAN PvP, Multi-player, Online Co-op, Online PvP, PvP, Shared/Split Screen, Shared/Split Screen Co-op, Shared/Split Screen PvP, Singleplayer",Xbox Controller Support,"SteamOS + Linux, Windows"
867210,Songs of Conquest,"20 May, 2024",Rp 321 999,Rp 160 999,-50%,5935,85%,Very Positive,"mostplayed, newreleases, topsellers, upcomingreleases","Co-op, Cross-Platform Multiplayer, Multi-player, Online Co-op, Online PvP, PvP, Shared/Split Screen, Shared/Split Screen Co-op, Shared/Split Screen PvP, Singleplayer","DualShock Controller Support, Dualsense Controller Support, Full Controller Support, Xbox Controller Support","Windows, macOS"
3483400,ARK: Astraeos,"13 Feb, 2025",Rp 244 645,Rp 244 645,N/A,732,47%,Mixed,"mostplayed, newreleases, topsellers, upcomingreleases","Co-op, Cross-Platform Multiplayer, LAN Co-op, LAN PvP, Multi-player, Online Co-op, Online PvP, PvP, Shared/Split Screen, Shared/Split Screen Co-op, Singleplayer","Full Controller Support, Xbox Controller Support",Windows
1843840,Rogue Point,"12 Feb, 2026",Rp 170 000,Rp 85 000,-50%,724,69%,Mixed,topsellers,"Co-op, Multi-player, Online Co-op, Singleplayer","DualShock Controller Support, Dualsense Controller Support, Xbox Controller Support",Windows
3590,Plants vs. Zombies GOTY Edition,"5 May, 2009",Rp 45 999,Rp 45 999,N/A,42191,98%,Overwhelmingly Positive,"mostplayed, newreleases, topsellers, upcomingreleases",Singleplayer,N/A,"Windows, macOS"
1236720,Spirit Island,"29 Jul, 2020",Rp 206 999,Rp 41 399,-80%,1453,91%,Very Positive,topsellers,"Co-op, Cross-Platform Multiplayer, Multi-player, Online Co-op, Shared/Split Screen, Shared/Split Screen Co-op, Singleplayer",N/A,"SteamOS + Linux, Windows, macOS"
2488370,Cash Cleaner Simulator,"8 May, 2025",Rp 140 699,Rp 105 524,-25%,3678,91%,Very Positive,"newreleases, topsellers, upcomingreleases",Singleplayer,"Dualsense Controller Support, Full Controller Support, Xbox Controller Support",Windows
3873970,NASCAR 25,"11 Nov, 2025",Rp 389 999,Rp 389 999,N/A,1584,72%,Mostly Positive,"mostplayed, newreleases, topsellers, upcomingreleases","Multi-player, Online PvP, PvP, Singleplayer","Dualsense Controller Support, Gamepad Preferred, Xbox Controller Support",Windows
2597080,Realm of Ink,"26 May, 2026",Rp 245 999,Rp 245 999,N/A,349,92%,Very Positive,"mostplayed, newreleases, topsellers, upcomingreleases",Singleplayer,"Dualsense Controller Support, Full Controller Support, Xbox Controller Support",Windows
2058180,Judgment,"14 Sep, 2022",Rp 449 000,Rp 134 700,-70%,4506,94%,Very Positive,topsellers,Singleplayer,"DualShock Controller Support, Dualsense Controller Support, Full Controller Support, Xbox Controller Support",Windows
2432860,MENACE,"5 Feb, 2026",Rp 299 999,Rp 299 999,N/A,7408,91%,Very Positive,"mostplayed, newreleases, topsellers, upcomingreleases",Singleplayer,N/A,Windows
1259420,Days Gone,"17 May, 2021",Rp 579 000,Rp 579 000,N/A,36257,92%,Very Positive,"mostplayed, newreleases, topsellers, upcomingreleases",Singleplayer,"DualShock Controller Support, Dualsense Controller Support, Full Controller Support, Gamepad Preferred, Steam Input API Support, Xbox Controller Support",Windows
1105420,Game of Thrones Winter is Coming,"14 Nov, 2019",Free,Free,N/A,1106,58%,Mixed,topsellers,"Cross-Platform Multiplayer, Multi-player, Online PvP, PvP",N/A,Windows
1629520,A Little to the Left,"8 Nov, 2022",Rp 129 999,Rp 129 999,N/A,9733,92%,Very Positive,"mostplayed, newreleases, topsellers, upcomingreleases",Singleplayer,"DualShock Controller Support, Dualsense Controller Support, Full Controller Support, Xbox Controller Support","Windows, macOS"
1659420,UNCHARTED™: Legacy of Thieves Collection,"19 Oct, 2022",Rp 729 000,Rp 729 000,N/A,10108,89%,Very Positive,"mostplayed, newreleases, topsellers, upcomingreleases",Singleplayer,"DualShock Controller Support, Dualsense Controller Support, Full Controller Support, Gamepad Preferred, Steam Input API Support, Xbox Controller Support",Windows
4125930,Punishing: Gray Raven,"2 Feb, 2026",Free,Free,N/A,1188,74%,Mostly Positive,"mostplayed, newreleases, topsellers, upcomingreleases",Singleplayer,N/A,Windows
3796620,Dead by Daylight: Five Nights at Freddy’s,"17 Jun, 2025",Rp 54 890,Rp 54 890,N/A,1483,89%,Very Positive,topsellers,"Co-op, Cross-Platform Multiplayer, Multi-player, Online Co-op, Online PvP, PvP","Full Controller Support, Xbox Controller Support",Windows
2144740,Ghostrunner 2,"26 Oct, 2023",Rp 399 999,Rp 79 999,-80%,3107,80%,Very Positive,topsellers,Singleplayer,Xbox Controller Support,Windows
4427440,TBH: Task Bar Hero Soundtrack,"27 May, 2026",Rp 39 499,Rp 39 499,N/A,N/A,N/A,N/A,topsellers,N/A,N/A,"SteamOS + Linux, macOS"
2015890,Cult of the Lamb Soundtrack,"11 Aug, 2022",Rp 79 999,Rp 51 999,-35%,129,95%,Very Positive,topsellers,N/A,N/A,"SteamOS + Linux, Windows, macOS"
2015270,Rotwood,"3 Mar, 2026",Rp 192 798,Rp 94 678,-51%,2176,90%,Very Positive,topsellers,"Co-op, Multi-player, Online Co-op, Shared/Split Screen, Shared/Split Screen Co-op, Singleplayer","DualShock Controller Support, Dualsense Controller Support, Full Controller Support, Xbox Controller Support",Windows
3283220,Stellaris: Infernals Species Pack,"25 Nov, 2025",Rp 146 999,Rp 146 999,N/A,218,41%,Mixed,topsellers,"Cross-Platform Multiplayer, Multi-player, Singleplayer",N/A,"SteamOS + Linux, Windows, macOS"
516750,My Summer Car,"8 Jan, 2025",Rp 72 499,Rp 72 499,N/A,36366,93%,Very Positive,"mostplayed, newreleases, topsellers, upcomingreleases",Singleplayer,Xbox Controller Support,Windows
2973290,Le Mans Ultimate - 2024 Pack 1,"23 Jul, 2024",Rp 114 999,Rp 74 749,-35%,52,88%,Very Positive,topsellers,"Multi-player, Online PvP, PvP, Singleplayer",Xbox Controller Support,Windows
1766060,HumanitZ,"6 Feb, 2026",Rp 165 999,Rp 165 999,N/A,4048,73%,Mostly Positive,"mostplayed, newreleases, topsellers, upcomingreleases","Co-op, Multi-player, Online Co-op, Online PvP, PvP, Singleplayer",Xbox Controller Support,Windows
2231380,Tom Clancy's Ghost Recon® Breakpoint,"23 Jan, 2023",Rp 619 000,Rp 619 000,N/A,18493,72%,Mostly Positive,"mostplayed, newreleases, topsellers, upcomingreleases","Co-op, Multi-player, Online Co-op, Singleplayer","DualShock Controller Support, Dualsense Controller Support, Xbox Controller Support",Windows
2947440,SILENT HILL f,"24 Sep, 2025",Rp 1 004 000,Rp 1 004 000,N/A,8660,81%,Very Positive,"mostplayed, newreleases, topsellers, upcomingreleases",Singleplayer,"DualShock Controller Support, Dualsense Controller Support, Full Controller Support, Gamepad Preferred, Xbox Controller Support",Windows
2713000,Resonance: A Plague Tale Legacy,"27 Aug, 2026",Rp 500 000,Rp 500 000,N/A,N/A,N/A,N/A,topsellers,N/A,"DualShock Controller Support, Dualsense Controller Support, Full Controller Support",N/A
333640,Caves of Qud,"5 Dec, 2024",Rp 254 999,Rp 203 999,-20%,10492,95%,Overwhelmingly Positive,topsellers,Singleplayer,"DualShock Controller Support, Dualsense Controller Support, Full Controller Support, Xbox Controller Support","SteamOS + Linux, Windows, macOS"
2096610,Crysis 3 Remastered,"17 Nov, 2022",Rp 161 999,Rp 72 899,-55%,1472,88%,Very Positive,topsellers,Singleplayer,"Full Controller Support, Xbox Controller Support",Windows
2477660,Age of Empires III: Definitive Edition (Base Game),"2 Aug, 2023",Rp 108 999,Rp 27 249,-75%,356,81%,Very Positive,topsellers,"Cross-Platform Multiplayer, LAN PvP, Multi-player, Online PvP, PvP, Singleplayer",N/A,Windows
1332010,Stray,"19 Jul, 2022",Rp 239 000,Rp 239 000,N/A,78004,97%,Overwhelmingly Positive,"mostplayed, newreleases, topsellers, upcomingreleases",Singleplayer,"Full Controller Support, Xbox Controller Support","Windows, macOS"
1483870,Draw & Guess,"12 Mar, 2021",Rp 49 499,Rp 49 499,N/A,335,75%,Mostly Positive,topsellers,"Co-op, Multi-player, Online Co-op, Online PvP, PvP, Singleplayer",N/A,"SteamOS + Linux, Windows, macOS"
2543830,Way of the Hunter 2,"26 Mar, 2026",Rp 303 999,Rp 303 999,N/A,1036,75%,Mostly Positive,"mostplayed, newreleases, topsellers, upcomingreleases",Singleplayer,"Full Controller Support, Xbox Controller Support",Windows
552500,Warhammer: Vermintide 2,"8 Mar, 2018",Rp 245 999,Rp 245 999,N/A,43717,90%,Very Positive,"mostplayed, newreleases, topsellers, upcomingreleases","Co-op, Multi-player, Online Co-op, Singleplayer","DualShock Controller Support, Dualsense Controller Support, Full Controller Support, Xbox Controller Support",Windows
1340480,The Cosmic Wheel Sisterhood,"16 Aug, 2023",Rp 152 999,Rp 61 199,-60%,2751,94%,Very Positive,topsellers,Singleplayer,"Full Controller Support, Xbox Controller Support",Windows
1371720,Card Shark,"2 Jun, 2022",Rp 165 999,Rp 33 199,-80%,902,88%,Very Positive,topsellers,Singleplayer,"Full Controller Support, Xbox Controller Support","Windows, macOS"
1149640,RimWorld - Royalty,"24 Feb, 2020",Rp 165 999,Rp 165 999,N/A,1563,85%,Very Positive,"mostplayed, newreleases, topsellers, upcomingreleases",Singleplayer,N/A,"SteamOS + Linux, Windows, macOS"
3710910,"Warhammer 40,000: Darktide - Arbites Class","23 Jun, 2025",Rp 129 999,Rp 129 999,N/A,1261,64%,Mixed,"mostplayed, newreleases, topsellers, upcomingreleases","Co-op, Cross-Platform Multiplayer, Multi-player, Online Co-op",Xbox Controller Support,Windows
2737070,Crime Simulator,"17 Jun, 2025",Rp 129 999,Rp 129 999,N/A,1971,81%,Very Positive,"mostplayed, newreleases, topsellers, upcomingreleases","Co-op, Multi-player, Online Co-op, Singleplayer","DualShock Controller Support, Dualsense Controller Support, Xbox Controller Support",Windows
719040,Wasteland 3,"27 Aug, 2020",Rp 169 999,Rp 50 999,-70%,11093,85%,Very Positive,topsellers,"Co-op, Cross-Platform Multiplayer, Multi-player, Online Co-op, Singleplayer",N/A,"SteamOS + Linux, Windows, macOS"
3819640,Megastore Simulator,"2 Feb, 2026",Rp 122 999,Rp 122 999,N/A,1364,93%,Very Positive,"mostplayed, newreleases, topsellers, upcomingreleases",Singleplayer,"DualShock Controller Support, Dualsense Controller Support, Full Controller Support, Xbox Controller Support",Windows
3151390,Le Mans Ultimate - 2024 Pack 2,"24 Sep, 2024",Rp 114 999,Rp 74 749,-35%,21,85%,Positive,topsellers,"Multi-player, Online PvP, PvP, Singleplayer",Xbox Controller Support,Windows
204360,Castle Crashers®,"26 Sep, 2012",Rp 95 999,Rp 95 999,N/A,45108,97%,Overwhelmingly Positive,"mostplayed, newreleases, topsellers, upcomingreleases","Co-op, Multi-player, Online Co-op, Online PvP, PvP, Shared/Split Screen, Shared/Split Screen Co-op, Shared/Split Screen PvP, Singleplayer","DualShock Controller Support, Dualsense Controller Support, Full Controller Support, Gamepad Preferred, Steam Input API Support, Xbox Controller Support","Windows, macOS"
206480,Dungeons & Dragons Online®,"25 Jun, 2012",Free,Free,N/A,6079,71%,Mostly Positive,topsellers,"Co-op, Multi-player, PvP",N/A,Windows
1887840,Another Crab's Treasure,"25 Apr, 2024",Rp 230 000,Rp 115 000,-50%,9412,94%,Very Positive,topsellers,Singleplayer,"DualShock Controller Support, Dualsense Controller Support, Full Controller Support, Gamepad Preferred, Xbox Controller Support",Windows
203140,Hitman: Absolution™,"19 Nov, 2012",Rp 160 949,Rp 16 094,-90%,13864,88%,Very Positive,topsellers,Singleplayer,Xbox Controller Support,Windows
3293260,Waterpark Simulator,"22 Aug, 2025",Rp 99 000,Rp 99 000,N/A,7102,96%,Overwhelmingly Positive,"mostplayed, newreleases, topsellers, upcomingreleases",Singleplayer,"DualShock Controller Support, Dualsense Controller Support, Full Controller Support, Xbox Controller Support",Windows
2060160,The Farmer Was Replaced,"10 Oct, 2025",Rp 90 999,Rp 90 999,N/A,3767,95%,Overwhelmingly Positive,"mostplayed, newreleases, topsellers, upcomingreleases",Singleplayer,N/A,"Windows, macOS"
1124300,HUMANKIND™,"17 Aug, 2021",Rp 499 999,Rp 124 999,-75%,12224,69%,Mixed,topsellers,"Multi-player, Online PvP, PvP, Singleplayer",N/A,"Windows, macOS"
3419300,X4: Hyperion Pack,"20 Feb, 2025",Rp 65 000,Rp 52 000,-20%,480,88%,Very Positive,topsellers,Singleplayer,"DualShock Controller Support, Dualsense Controller Support, Full Controller Support, Xbox Controller Support","SteamOS + Linux, Windows"
4544840,Warframe: Voruna Prime Access - Accessories Pack,"8 Apr, 2026",Rp 380 000,Rp 380 000,N/A,18,72%,Mostly Positive,topsellers,"Co-op, Cross-Platform Multiplayer, Multi-player, Online Co-op, Singleplayer","DualShock Controller Support, Dualsense Controller Support, Full Controller Support, Steam Input API Support, Xbox Controller Support",Windows
1627570,The Plucky Squire,"17 Sep, 2024",Rp 245 999,Rp 81 179,-67%,1079,81%,Very Positive,topsellers,Singleplayer,"Full Controller Support, Xbox Controller Support",Windows
1138850,Heavenly Bodies,"7 Dec, 2021",Rp 165 999,Rp 41 499,-75%,2191,96%,Overwhelmingly Positive,topsellers,"Co-op, Multi-player, Shared/Split Screen, Shared/Split Screen Co-op, Singleplayer","DualShock Controller Support, Full Controller Support, Gamepad Preferred, Xbox Controller Support","Windows, macOS"
3622640,Vending Machine Co.,"25 Apr, 2026",Rp 74 499,Rp 44 699,-40%,315,88%,Very Positive,topsellers,Singleplayer,N/A,"SteamOS + Linux, Windows, macOS"
3398110,The Walking Trade,"5 Mar, 2026",Rp 92 999,Rp 69 749,-25%,839,88%,Very Positive,topsellers,Singleplayer,"DualShock Controller Support, Dualsense Controller Support, Full Controller Support, Xbox Controller Support",Windows
4126220,Crusaders Quest : Hero Town,"30 Mar, 2026",Rp 65 000,Rp 52 000,-20%,280,81%,Very Positive,topsellers,Singleplayer,N/A,"Windows, macOS"
210970,The Witness,"26 Jan, 2016",Rp 269 999,Rp 53 999,-80%,8834,82%,Very Positive,topsellers,Singleplayer,Xbox Controller Support,"Windows, macOS"
221910,The Stanley Parable,"17 Oct, 2013",Rp 72 499,Rp 36 249,-50%,28235,92%,Very Positive,topsellers,Singleplayer,"Full Controller Support, Xbox Controller Support","SteamOS + Linux, Windows, macOS"
3347400,GIRLS' FRONTLINE 2: EXILIUM,"10 Feb, 2025",Free,Free,N/A,2898,67%,Mixed,"mostplayed, newreleases, topsellers, upcomingreleases",Singleplayer,N/A,Windows
262060,Darkest Dungeon®,"19 Jan, 2016",Rp 204 500,Rp 204 500,N/A,56147,90%,Very Positive,"mostplayed, newreleases, topsellers, upcomingreleases",Singleplayer,"DualShock Controller Support, Xbox Controller Support","SteamOS + Linux, Windows, macOS"
464060,RUINER,"26 Sep, 2017",Rp 165 999,Rp 16 599,-90%,4659,90%,Very Positive,topsellers,Singleplayer,"Full Controller Support, Xbox Controller Support","SteamOS + Linux, Windows"
2001760,Beast of Reincarnation,"3 Aug, 2026",Rp 599 000,Rp 599 000,N/A,N/A,N/A,N/A,topsellers,Singleplayer,"DualShock Controller Support, Dualsense Controller Support, Full Controller Support, Gamepad Preferred, Xbox Controller Support",Windows
1295500,"Warhammer 40,000: Battlesector","22 Jul, 2021",Rp 299 999,Rp 299 999,N/A,3175,87%,Very Positive,"mostplayed, newreleases, topsellers, upcomingreleases","Multi-player, Online PvP, PvP, Shared/Split Screen, Shared/Split Screen PvP, Singleplayer",Xbox Controller Support,Windows
4249110,Resident Evil 2 (1998),"1 Apr, 2026",Rp 129 000,Rp 64 500,-50%,1726,90%,Very Positive,topsellers,Singleplayer,"DualShock Controller Support, Dualsense Controller Support, Xbox Controller Support",Windows
3453970,Farming Simulator 25: Highlands Fishing Expansion,"4 Nov, 2025",Rp 326 000,Rp 326 000,N/A,300,55%,Mixed,topsellers,"Co-op, Multi-player, Online Co-op, Singleplayer","DualShock Controller Support, Full Controller Support, Xbox Controller Support","Windows, macOS"
601150,Devil May Cry 5,"7 Mar, 2019",Rp 389 000,Rp 389 000,N/A,38972,95%,Overwhelmingly Positive,"mostplayed, newreleases, upcomingreleases","Co-op, Multi-player, Online Co-op, Singleplayer","Full Controller Support, Xbox Controller Support",Windows
2353060,Invincible VS,"30 Apr, 2026",Rp 375 999,Rp 375 999,N/A,2166,76%,Mostly Positive,"mostplayed, newreleases, upcomingreleases","Cross-Platform Multiplayer, Multi-player, Online PvP, PvP, Singleplayer","DualShock Controller Support, Dualsense Controller Support, Full Controller Support, Gamepad Preferred, Xbox Controller Support",Windows
668580,Atomic Heart,"20 Feb, 2023",Rp 549 000,Rp 549 000,N/A,13275,78%,Mostly Positive,"mostplayed, newreleases, upcomingreleases",Singleplayer,"Full Controller Support, Xbox Controller Support",Windows
285900,Gang Beasts,"12 Dec, 2017",Rp 169 000,Rp 169 000,N/A,25264,85%,Very Positive,"mostplayed, newreleases, upcomingreleases","Multi-player, Online PvP, PvP, Shared/Split Screen, Shared/Split Screen PvP","Full Controller Support, Xbox Controller Support","SteamOS + Linux, Windows, macOS"
1547000,Grand Theft Auto: San Andreas – The Definitive Edition,"19 Jan, 2023",Rp 649 000,Rp 649 000,N/A,4502,77%,Mostly Positive,"mostplayed, newreleases, upcomingreleases",Singleplayer,"Full Controller Support, Xbox Controller Support",Windows
2070270,Cloudheim,"4 Dec, 2025",Rp 245 999,Rp 245 999,N/A,1598,81%,Very Positive,"mostplayed, newreleases, upcomingreleases","Co-op, Cross-Platform Multiplayer, Multi-player, Online Co-op, Singleplayer","DualShock Controller Support, Dualsense Controller Support, Full Controller Support, Xbox Controller Support",Windows
2532480,"Warhammer 40,000: Mechanicus II","21 May, 2026",Rp 454 999,Rp 454 999,N/A,1734,53%,Mixed,"mostplayed, newreleases, upcomingreleases",Singleplayer,"Full Controller Support, Xbox Controller Support",Windows
3110760,Alabaster Dawn,"7 May, 2026",Rp 214 999,Rp 214 999,N/A,1887,94%,Very Positive,"mostplayed, newreleases, upcomingreleases",Singleplayer,"DualShock Controller Support, Full Controller Support, Xbox Controller Support","SteamOS + Linux, Windows"
2842040,Star Wars Outlaws,"21 Nov, 2024",Rp 809 000,Rp 809 000,N/A,6981,71%,Mostly Positive,"mostplayed, newreleases, upcomingreleases",Singleplayer,"DualShock Controller Support, Dualsense Controller Support, Full Controller Support, Xbox Controller Support",Windows
412020,Metro Exodus,"14 Feb, 2020",Rp 321 000,Rp 321 000,N/A,34118,87%,Very Positive,"mostplayed, newreleases, upcomingreleases",Singleplayer,"Full Controller Support, Xbox Controller Support","SteamOS + Linux, Windows, macOS"
2495100,Hello Kitty Island Adventure,"30 Jan, 2025",Rp 525 000,Rp 525 000,N/A,5951,93%,Very Positive,"mostplayed, newreleases","Co-op, Multi-player, Online Co-op, Singleplayer","DualShock Controller Support, Dualsense Controller Support, Full Controller Support, Gamepad Preferred, Xbox Controller Support",Windows
2499860,DRAGON QUEST VII Reimagined,"5 Feb, 2026",Rp 879 000,Rp 879 000,N/A,1928,88%,Very Positive,"mostplayed, newreleases, upcomingreleases",Singleplayer,"Full Controller Support, Xbox Controller Support",Windows
2582320,Mixtape,"7 May, 2026",Rp 169 000,Rp 169 000,N/A,3389,85%,Very Positive,"mostplayed, newreleases, upcomingreleases",Singleplayer,"DualShock Controller Support, Dualsense Controller Support, Full Controller Support, Gamepad Preferred, Xbox Controller Support",Windows
379430,Kingdom Come: Deliverance,"13 Feb, 2018",Rp 321 000,Rp 321 000,N/A,62541,83%,Very Positive,"mostplayed, newreleases, upcomingreleases",Singleplayer,"Full Controller Support, Xbox Controller Support",Windows
1774580,STAR WARS Jedi: Survivor™,"27 Apr, 2023",Rp 759 000,Rp 759 000,N/A,49356,69%,Mixed,"mostplayed, newreleases, upcomingreleases",Singleplayer,"DualShock Controller Support, Dualsense Controller Support, Full Controller Support, Gamepad Preferred, Xbox Controller Support",Windows
233860,Kenshi,"6 Dec, 2018",Rp 139 999,Rp 139 999,N/A,47533,95%,Overwhelmingly Positive,"mostplayed, newreleases, upcomingreleases",Singleplayer,N/A,Windows
934700,Dead Island 2,"22 Apr, 2024",Rp 534 000,Rp 534 000,N/A,9614,76%,Mostly Positive,"mostplayed, newreleases, upcomingreleases","Co-op, Multi-player, Online Co-op, Singleplayer","DualShock Controller Support, Dualsense Controller Support, Full Controller Support, Xbox Controller Support","Windows, macOS"
2255370,Directive 8020,"12 May, 2026",Rp 583 000,Rp 583 000,N/A,1152,64%,Mixed,"mostplayed, newreleases, upcomingreleases","Co-op, Multi-player, Shared/Split Screen, Shared/Split Screen Co-op, Singleplayer","DualShock Controller Support, Dualsense Controller Support, Full Controller Support, Xbox Controller Support",Windows
1222140,Detroit: Become Human,"18 Jun, 2020",Rp 399 000,Rp 399 000,N/A,54077,95%,Overwhelmingly Positive,"mostplayed, newreleases, upcomingreleases",Singleplayer,"Full Controller Support, Xbox Controller Support",Windows
1809540,Nine Sols,"28 May, 2024",Rp 245 999,Rp 245 999,N/A,18776,95%,Overwhelmingly Positive,"mostplayed, newreleases, upcomingreleases",Singleplayer,"DualShock Controller Support, Dualsense Controller Support, Full Controller Support, Gamepad Preferred, Xbox Controller Support","Windows, macOS"
546560,Half-Life: Alyx,"23 Mar, 2020",Rp 449 999,Rp 449 999,N/A,61041,98%,Overwhelmingly Positive,"mostplayed, newreleases, upcomingreleases",Singleplayer,N/A,Windows
996580,Spyro™ Reignited Trilogy,"3 Sep, 2019",Rp 599 000,Rp 599 000,N/A,8924,92%,Very Positive,"mostplayed, newreleases, upcomingreleases",Singleplayer,"Full Controller Support, Xbox Controller Support",Windows
3509230,Gambonanza,"1 May, 2026",Rp 129 999,Rp 129 999,N/A,1281,74%,Mostly Positive,"mostplayed, newreleases, upcomingreleases",Singleplayer,"DualShock Controller Support, Dualsense Controller Support, Full Controller Support, Xbox Controller Support","SteamOS + Linux, Windows, macOS"
494840,UBOAT,"2 Aug, 2024",Rp 245 999,Rp 245 999,N/A,11473,85%,Very Positive,"mostplayed, newreleases, upcomingreleases",Singleplayer,N/A,Windows
631510,Devil May Cry HD Collection,"13 Mar, 2018",Rp 389 000,Rp 389 000,N/A,8313,93%,Very Positive,"mostplayed, newreleases, upcomingreleases",Singleplayer,"Full Controller Support, Xbox Controller Support",Windows
2778610,Over The Top: WWI,"6 Mar, 2026",Rp 161 759,Rp 113 231,-30%,4945,85%,Very Positive,"mostplayed, newreleases, upcomingreleases","Co-op, LAN Co-op, LAN PvP, Multi-player, Online Co-op, Online PvP, PvP, Singleplayer","DualShock Controller Support, Dualsense Controller Support, Xbox Controller Support",Windows
2124490,SILENT HILL 2,"7 Oct, 2024",Rp 937 000,Rp 937 000,N/A,22676,94%,Very Positive,"mostplayed, newreleases, upcomingreleases",Singleplayer,"DualShock Controller Support, Dualsense Controller Support, Full Controller Support, Gamepad Preferred, Xbox Controller Support",Windows
1139980,Travellers Rest,"28 Jul, 2020",Rp 152 999,Rp 152 999,N/A,8061,89%,Very Positive,"mostplayed, newreleases, upcomingreleases","Co-op, Multi-player, Online Co-op, Shared/Split Screen, Shared/Split Screen Co-op, Singleplayer","DualShock Controller Support, Dualsense Controller Support, Full Controller Support, Xbox Controller Support",Windows
4447660,Warframe: TennoCon 2026 Digital Pack,"4 May, 2026",Rp 209 000,Rp 209 000,N/A,62,95%,Very Positive,"mostplayed, newreleases, upcomingreleases","Co-op, Cross-Platform Multiplayer, Multi-player, Online Co-op, Singleplayer","DualShock Controller Support, Dualsense Controller Support, Full Controller Support, Steam Input API Support, Xbox Controller Support",Windows
3542380,Rune Dice,"19 May, 2026",Rp 130 999,Rp 130 999,N/A,911,76%,Mostly Positive,"mostplayed, newreleases, upcomingreleases",Singleplayer,"Dualsense Controller Support, Full Controller Support, Xbox Controller Support",Windows
335300,DARK SOULS™ II: Scholar of the First Sin,"1 Apr, 2015",Rp 399 000,Rp 399 000,N/A,34276,83%,Very Positive,"mostplayed, newreleases, upcomingreleases","Co-op, Multi-player, Singleplayer","Full Controller Support, Xbox Controller Support",Windows
312520,Rain World,"28 Mar, 2017",Rp 206 999,Rp 206 999,N/A,28739,95%,Overwhelmingly Positive,"mostplayed, newreleases, upcomingreleases","Multi-player, PvP, Shared/Split Screen PvP, Singleplayer","Full Controller Support, Xbox Controller Support",Windows
21970,R.U.S.E.™,"9 Sep, 2010",Rp 359 220,Rp 359 220,N/A,1461,94%,Very Positive,"mostplayed, newreleases, upcomingreleases","Co-op, Multi-player, Online Co-op, Online PvP, PvP, Singleplayer","Full Controller Support, Xbox Controller Support",Windows
3400960,Oaken Tower,"28 Apr, 2026",Rp 86 999,Rp 86 999,N/A,1168,94%,Very Positive,"mostplayed, newreleases, upcomingreleases","Multi-player, Online PvP, PvP",N/A,Windows
493520,GTFO,"9 Dec, 2021",Rp 487 000,Rp 487 000,N/A,25417,88%,Very Positive,"mostplayed, newreleases, upcomingreleases","Co-op, Multi-player, Online Co-op",Xbox Controller Support,Windows
1594320,Captain of Industry,"31 May, 2022",Rp 284 999,Rp 284 999,N/A,5567,87%,Very Positive,"mostplayed, newreleases, upcomingreleases",Singleplayer,N/A,Windows
2893570,DRAGON QUEST I & II HD-2D Remake,"30 Oct, 2025",Rp 879 000,Rp 879 000,N/A,1606,83%,Very Positive,"mostplayed, newreleases, upcomingreleases",Singleplayer,"DualShock Controller Support, Dualsense Controller Support, Xbox Controller Support",Windows
1206200,Conan Exiles Enhanced: Isle of Siptah,"27 May, 2021",Rp 139 999,Rp 139 999,N/A,1416,52%,Mixed,"mostplayed, newreleases, upcomingreleases","Co-op, Multi-player, Online Co-op, Online PvP, PvP, Singleplayer",Xbox Controller Support,Windows
42680,Call of Duty®: Modern Warfare® 3 (2011),"7 Nov, 2011",Rp 599 000,Rp 599 000,N/A,7049,88%,Very Positive,"mostplayed, newreleases, upcomingreleases","Co-op, Multi-player, Singleplayer",N/A,Windows
2124120,SULFUR,"28 Oct, 2024",Rp 203 598,Rp 203 598,N/A,5084,89%,Very Positive,"mostplayed, newreleases, upcomingreleases",Singleplayer,"DualShock Controller Support, Full Controller Support, Steam Input API Support, Xbox Controller Support",Windows
1238840,Battlefield™ 1,"11 Jun, 2020",Rp 479 000,Rp 479 000,N/A,44902,86%,Very Positive,"mostplayed, newreleases, upcomingreleases","Multi-player, Online PvP, PvP, Singleplayer","Full Controller Support, Xbox Controller Support",Windows
1985810,Call of Duty®: Black Ops Cold War,"8 Mar, 2023",Rp 891 000,Rp 891 000,N/A,10295,79%,Mostly Positive,"mostplayed, newreleases, upcomingreleases","Co-op, Cross-Platform Multiplayer, Multi-player, Online Co-op, Online PvP, PvP, Singleplayer","Full Controller Support, Xbox Controller Support",Windows
920210,LEGO® Star Wars™: The Skywalker Saga,"5 Apr, 2022",Rp 622 000,Rp 622 000,N/A,26485,89%,Very Positive,"mostplayed, newreleases, upcomingreleases","Co-op, Multi-player, Shared/Split Screen, Shared/Split Screen Co-op, Singleplayer","Full Controller Support, Xbox Controller Support",Windows
2808550,Sudden Strike 5,"23 Apr, 2026",Rp 569 999,Rp 569 999,N/A,471,72%,Mostly Positive,"mostplayed, newreleases, upcomingreleases","Multi-player, Online PvP, PvP, Singleplayer","DualShock Controller Support, Dualsense Controller Support, Xbox Controller Support",Windows
784150,Workers & Resources: Soviet Republic,"20 Jun, 2024",Rp 299 999,Rp 299 999,N/A,8437,89%,Very Positive,"mostplayed, newreleases, upcomingreleases",Singleplayer,"DualShock Controller Support, Dualsense Controller Support, Xbox Controller Support",Windows
3501070,Car Service Together,"4 Feb, 2026",Rp 165 999,Rp 165 999,N/A,1338,75%,Mostly Positive,"mostplayed, newreleases, upcomingreleases","Co-op, Multi-player, Online Co-op, Singleplayer","DualShock Controller Support, Full Controller Support, Xbox Controller Support",Windows
1172380,STAR WARS Jedi: Fallen Order™,"14 Nov, 2019",Rp 479 000,Rp 479 000,N/A,82633,88%,Very Positive,"mostplayed, newreleases, upcomingreleases",Singleplayer,"DualShock Controller Support, Dualsense Controller Support, Full Controller Support, Gamepad Preferred, Xbox Controller Support",Windows
2840470,SimplePlanes 2,"23 Apr, 2026",Rp 165 999,Rp 165 999,N/A,931,91%,Very Positive,"mostplayed, newreleases, upcomingreleases","Co-op, Multi-player, Online Co-op, Online PvP, PvP, Singleplayer",N/A,"Windows, macOS"
3092660,Reverse: 1999,"8 Oct, 2024",Free,Free,N/A,3190,93%,Very Positive,"mostplayed, newreleases, upcomingreleases",Singleplayer,N/A,Windows
552520,Far Cry® 5,"26 Mar, 2018",Rp 619 000,Rp 619 000,N/A,69062,80%,Very Positive,"mostplayed, newreleases, upcomingreleases","Co-op, Multi-player, Online Co-op, Singleplayer",Xbox Controller Support,Windows
3230400,EA SPORTS™ Madden NFL 26,"14 Aug, 2025",Rp 799 000,Rp 799 000,N/A,4872,51%,Mixed,"mostplayed, newreleases, upcomingreleases","Co-op, Cross-Platform Multiplayer, Multi-player, Online Co-op, Online PvP, PvP, Shared/Split Screen, Shared/Split Screen Co-op, Shared/Split Screen PvP, Singleplayer","DualShock Controller Support, Dualsense Controller Support, Full Controller Support, Gamepad Preferred, Xbox Controller Support",Windows
2294660,The Quinfall,"6 Feb, 2026",Rp 122 999,Rp 12 299,-90%,3290,52%,Mixed,"mostplayed, newreleases, upcomingreleases","Co-op, Multi-player, Online Co-op, Online PvP, PvP",N/A,Windows
1119730,"Ranch Simulator: Build, Hunt, Farm","3 Nov, 2023",Rp 119 999,Rp 119 999,N/A,11507,77%,Mostly Positive,"mostplayed, newreleases, upcomingreleases","Co-op, Multi-player, Online Co-op, Online PvP, PvP, Singleplayer","Full Controller Support, Xbox Controller Support",Windows
3375780,Trails in the Sky 1st Chapter,"19 Sep, 2025",Rp 699 000,Rp 699 000,N/A,2300,96%,Overwhelmingly Positive,"mostplayed, newreleases, upcomingreleases",Singleplayer,"DualShock Controller Support, Dualsense Controller Support, Full Controller Support, Gamepad Preferred, Steam Input API Support, Xbox Controller Support",Windows
632470,Disco Elysium - The Final Cut,"15 Oct, 2019",Rp 309 000,Rp 309 000,N/A,56416,92%,Very Positive,"mostplayed, newreleases, upcomingreleases",Singleplayer,"DualShock Controller Support, Dualsense Controller Support, Full Controller Support, Xbox Controller Support","Windows, macOS"
2157830,John Carpenter's Toxic Commando,"12 Mar, 2026",Rp 379 000,Rp 379 000,N/A,3152,78%,Mostly Positive,"mostplayed, newreleases, upcomingreleases","Co-op, Cross-Platform Multiplayer, Multi-player, Online Co-op, Singleplayer","DualShock Controller Support, Dualsense Controller Support, Full Controller Support, Xbox Controller Support",Windows
958260,DEAD OR ALIVE Xtreme Venus Vacation,"25 Mar, 2019",Free,Free,N/A,1971,89%,Very Positive,"mostplayed, newreleases, upcomingreleases",Multi-player,N/A,Windows
10180,Call of Duty®: Modern Warfare® 2 (2009),"11 Nov, 2009",Rp 299 000,Rp 299 000,N/A,16884,91%,Very Positive,"mostplayed, newreleases, upcomingreleases","Co-op, Multi-player, Singleplayer",N/A,"Windows, macOS"
1272080,PAYDAY 3,"21 Sep, 2023",Rp 253 500,Rp 253 500,N/A,31240,43%,Mixed,"mostplayed, newreleases, upcomingreleases","Co-op, Cross-Platform Multiplayer, Multi-player, Online Co-op, Singleplayer","DualShock Controller Support, Dualsense Controller Support, Xbox Controller Support",Windows
2698940,The Crew Motorfest,"18 Apr, 2024",Rp 809 000,Rp 809 000,N/A,9645,77%,Mostly Positive,"mostplayed, newreleases, upcomingreleases","Co-op, Multi-player, Online Co-op, Online PvP, PvP, Singleplayer","DualShock Controller Support, Dualsense Controller Support, Full Controller Support, Xbox Controller Support",Windows
314650,SpaceEngine,"11 Jun, 2019",Rp 245 000,Rp 245 000,N/A,9093,96%,Overwhelmingly Positive,"mostplayed, newreleases, upcomingreleases",Singleplayer,Xbox Controller Support,Windows
779340,Total War: THREE KINGDOMS,"23 May, 2019",Rp 429 000,Rp 429 000,N/A,17273,84%,Very Positive,"mostplayed, newreleases, upcomingreleases","Co-op, LAN Co-op, LAN PvP, Multi-player, Online Co-op, Online PvP, PvP, Singleplayer",N/A,"SteamOS + Linux, Windows, macOS"
230290,Universe Sandbox,"24 Aug, 2015",Rp 245 999,Rp 245 999,N/A,19144,96%,Overwhelmingly Positive,"mostplayed, newreleases, upcomingreleases",Singleplayer,Xbox Controller Support,"Windows, macOS"
1369670,Motor Town: Behind The Wheel,"17 Dec, 2021",Rp 165 999,Rp 165 999,N/A,5262,93%,Very Positive,"mostplayed, newreleases, upcomingreleases","Co-op, Multi-player, Online Co-op, Online PvP, PvP, Singleplayer",Xbox Controller Support,Windows
2671070,Crusader Kings III: Roads to Power,"24 Sep, 2024",Rp 338 999,Rp 338 999,N/A,1211,85%,Very Positive,"mostplayed, newreleases, upcomingreleases","Multi-player, Online PvP, PvP, Singleplayer",N/A,"SteamOS + Linux, Windows, macOS"
1880360,Monster Hunter Rise + Sunbreak,"29 Jun, 2022",Rp 779 000,Rp 124 640,-84%,82588,82%,Very Positive,"mostplayed, newreleases, upcomingreleases","Co-op, Multi-player, Online Co-op, Singleplayer","Full Controller Support, Xbox Controller Support",Windows
2535950,Battlestar Galactica: Scattered Hopes,"11 May, 2026",Rp 236 974,Rp 236 974,N/A,823,76%,Mostly Positive,"mostplayed, newreleases, upcomingreleases",Singleplayer,N/A,Windows
2754380,The Roottrees are Dead,"15 Jan, 2025",Rp 165 999,Rp 165 999,N/A,4628,97%,Overwhelmingly Positive,"mostplayed, newreleases, upcomingreleases",Singleplayer,N/A,"SteamOS + Linux, Windows, macOS"
960170,DJMAX RESPECT V,"11 Mar, 2020",Rp 690 000,Rp 690 000,N/A,4153,87%,Very Positive,"mostplayed, newreleases, upcomingreleases","Multi-player, Online PvP, PvP, Singleplayer",Xbox Controller Support,Windows
2417610,METAL GEAR SOLID Δ: SNAKE EATER,"28 Aug, 2025",Rp 904 000,Rp 904 000,N/A,7722,84%,Very Positive,"mostplayed, newreleases, upcomingreleases","Multi-player, Online PvP, PvP, Singleplayer","DualShock Controller Support, Dualsense Controller Support, Full Controller Support, Gamepad Preferred, Xbox Controller Support",Windows
1826420,CarX Drift Racing Online 2,"7 May, 2026",Rp 206 999,Rp 206 999,N/A,761,64%,Mixed,"mostplayed, newreleases, upcomingreleases","Co-op, Multi-player, Online Co-op, Online PvP, PvP, Singleplayer","DualShock Controller Support, Dualsense Controller Support, Full Controller Support, Gamepad Preferred, Xbox Controller Support",Windows
476600,Call of Duty®: WWII,"2 Nov, 2017",Rp 891 000,Rp 891 000,N/A,13898,66%,Mixed,"mostplayed, newreleases, upcomingreleases","Co-op, Multi-player, Online Co-op, Online PvP, PvP, Shared/Split Screen Co-op, Shared/Split Screen PvP, Singleplayer","Full Controller Support, Xbox Controller Support",Windows
2306620,Risk of Rain 2: Seekers of the Storm,"27 Aug, 2024",Rp 80 999,Rp 80 999,N/A,9655,54%,Mixed,"mostplayed, newreleases, upcomingreleases","Co-op, Multi-player, Online Co-op, Online PvP, PvP, Singleplayer","Full Controller Support, Xbox Controller Support",Windows
3894440,NO BACKUP,"9 May, 2026",Rp 79 999,Rp 79 999,N/A,671,68%,Mixed,"mostplayed, newreleases, upcomingreleases","Co-op, Multi-player, Online Co-op, Singleplayer",Xbox Controller Support,Windows
1222700,A Way Out,"18 Jun, 2020",Rp 379 000,Rp 379 000,N/A,25475,88%,Very Positive,"mostplayed, newreleases, upcomingreleases","Co-op, Multi-player, Online Co-op, Shared/Split Screen, Shared/Split Screen Co-op","Full Controller Support, Xbox Controller Support",Windows
508440,Totally Accurate Battle Simulator,"1 Apr, 2021",Rp 169 000,Rp 169 000,N/A,83118,98%,Overwhelmingly Positive,"mostplayed, newreleases, upcomingreleases","Multi-player, Online PvP, PvP, Singleplayer",Xbox Controller Support,"Windows, macOS"
2051620,Enlisted,"16 Jul, 2024",Free,Free,N/A,18881,78%,Mostly Positive,"mostplayed, newreleases, upcomingreleases","Co-op, Cross-Platform Multiplayer, Multi-player, Online Co-op, Online PvP, PvP","Full Controller Support, Xbox Controller Support","SteamOS + Linux, Windows"
1940340,Darkest Dungeon® II,"8 May, 2023",Rp 310 000,Rp 310 000,N/A,11680,76%,Mostly Positive,"mostplayed, newreleases, upcomingreleases",Singleplayer,"DualShock Controller Support, Dualsense Controller Support, Full Controller Support, Xbox Controller Support","Windows, macOS"
2933620,Call of Duty®: Black Ops 6,"1 Nov, 2024",Rp 1 040 000,Rp 1 040 000,N/A,8719,40%,Mixed,"mostplayed, newreleases, upcomingreleases","Co-op, Cross-Platform Multiplayer, Multi-player, Online Co-op, Online PvP, PvP, Singleplayer","Full Controller Support, Xbox Controller Support",Windows
3315530,Crusader Kings III: All Under Heaven,"28 Oct, 2025",Rp 338 999,Rp 338 999,N/A,1945,68%,Mixed,"mostplayed, newreleases, upcomingreleases","Multi-player, Online PvP, PvP, Singleplayer",N/A,"SteamOS + Linux, Windows, macOS"
4331610,Dome Keeper: The Lost Keepers,"13 Apr, 2026",Rp 74 000,Rp 66 600,-10%,169,81%,Very Positive,"mostplayed, newreleases, upcomingreleases","Co-op, Multi-player, Online Co-op, Online PvP, PvP, Singleplayer","DualShock Controller Support, Dualsense Controller Support, Full Controller Support, Xbox Controller Support","SteamOS + Linux, Windows, macOS"
2426530,Nova Roma,"26 Mar, 2026",Rp 199 999,Rp 199 999,N/A,1723,94%,Very Positive,"mostplayed, newreleases, upcomingreleases",Singleplayer,N/A,"Windows, macOS"
1366540,Dyson Sphere Program,"20 Jan, 2021",Rp 129 029,Rp 129 029,N/A,24422,96%,Overwhelmingly Positive,"mostplayed, newreleases, upcomingreleases",Singleplayer,N/A,Windows
2669320,EA SPORTS FC™ 25,"26 Sep, 2024",Rp 239 000,Rp 239 000,N/A,29899,53%,Mixed,"mostplayed, newreleases, upcomingreleases","Co-op, Cross-Platform Multiplayer, Multi-player, Online Co-op, Online PvP, PvP, Shared/Split Screen, Shared/Split Screen Co-op, Shared/Split Screen PvP, Singleplayer","Dualsense Controller Support, Full Controller Support, Xbox Controller Support",Windows
2486820,Sonic Racing: CrossWorlds,"25 Sep, 2025",Rp 649 000,Rp 649 000,N/A,7889,94%,Very Positive,"mostplayed, newreleases, upcomingreleases","Cross-Platform Multiplayer, Multi-player, PvP, Shared/Split Screen, Shared/Split Screen PvP, Singleplayer","DualShock Controller Support, Full Controller Support, Steam Input API Support, Xbox Controller Support",Windows
3195790,White Knuckle,"17 Apr, 2025",Rp 130 999,Rp 130 999,N/A,7823,98%,Overwhelmingly Positive,"mostplayed, newreleases, upcomingreleases",Singleplayer,"DualShock Controller Support, Dualsense Controller Support, Full Controller Support, Xbox Controller Support",Windows
2683150,Ale & Tale Tavern,"5 Sep, 2024",Rp 99 999,Rp 99 999,N/A,3950,87%,Very Positive,"mostplayed, newreleases, upcomingreleases","Co-op, Multi-player, Online Co-op, Singleplayer","Full Controller Support, Xbox Controller Support",Windows
2095420,Bus Bound,"30 Apr, 2026",Rp 259 000,Rp 259 000,N/A,713,74%,Mostly Positive,"mostplayed, newreleases, upcomingreleases","Co-op, Multi-player, Online Co-op, Singleplayer","DualShock Controller Support, Dualsense Controller Support, Full Controller Support, Xbox Controller Support",Windows
1237970,Titanfall® 2,"18 Jun, 2020",Rp 379 000,Rp 379 000,N/A,94597,95%,Overwhelmingly Positive,"mostplayed, newreleases, upcomingreleases","Multi-player, Online PvP, PvP, Singleplayer","Full Controller Support, Xbox Controller Support",Windows
3214610,Cinderia,"30 Mar, 2026",Rp 152 999,Rp 152 999,N/A,488,96%,Very Positive,"mostplayed, newreleases, upcomingreleases",Singleplayer,Xbox Controller Support,Windows
1158160,Coral Island,"14 Nov, 2023",Rp 245 999,Rp 245 999,N/A,13631,89%,Very Positive,"mostplayed, newreleases, upcomingreleases","Co-op, Cross-Platform Multiplayer, Multi-player, Online Co-op, Singleplayer","DualShock Controller Support, Dualsense Controller Support, Full Controller Support, Xbox Controller Support",Windows
307780,Mortal Kombat X,"13 Apr, 2015",Rp 135 999,Rp 135 999,N/A,11616,81%,Very Positive,"mostplayed, newreleases, upcomingreleases","Multi-player, PvP, Shared/Split Screen PvP, Singleplayer","Full Controller Support, Xbox Controller Support",Windows
3314070,The Sims™ 2 Legacy Collection,"31 Jan, 2025",Rp 379 000,Rp 379 000,N/A,2750,70%,Mostly Positive,"mostplayed, newreleases, upcomingreleases",Singleplayer,N/A,Windows
2784470,9 Kings,"23 May, 2025",Rp 149 999,Rp 149 999,N/A,9459,92%,Very Positive,"mostplayed, newreleases, upcomingreleases","Multi-player, Online PvP, PvP, Singleplayer","DualShock Controller Support, Dualsense Controller Support, Full Controller Support, Steam Input API Support, Xbox Controller Support","Windows, macOS"
214490,Alien: Isolation,"6 Oct, 2014",Rp 400 000,Rp 400 000,N/A,26402,92%,Very Positive,"mostplayed, newreleases, upcomingreleases",Singleplayer,"Full Controller Support, Xbox Controller Support","SteamOS + Linux, Windows, macOS"
4510830,Myth of Empires: Throne,"16 Apr, 2026",Free,Free,N/A,742,57%,Mixed,"mostplayed, newreleases, upcomingreleases","Co-op, Cross-Platform Multiplayer, Multi-player, Online Co-op, Online PvP, PvP",N/A,Windows
329050,Devil May Cry 4 Special Edition,"23 Jun, 2015",Rp 329 000,Rp 329 000,N/A,5920,85%,Very Positive,"mostplayed, newreleases, upcomingreleases",Singleplayer,"Full Controller Support, Xbox Controller Support",Windows
4100940,Poppy Playtime - Chapter 5,"18 Feb, 2026",Rp 165 999,Rp 165 999,N/A,3547,81%,Very Positive,"mostplayed, newreleases, upcomingreleases",Singleplayer,"Full Controller Support, Xbox Controller Support",Windows
433340,Slime Rancher,"1 Aug, 2017",Rp 169 000,Rp 169 000,N/A,64917,98%,Overwhelmingly Positive,"mostplayed, newreleases, upcomingreleases",Singleplayer,"Full Controller Support, Xbox Controller Support","SteamOS + Linux, Windows, macOS"
653530,Return of the Obra Dinn,"18 Oct, 2018",Rp 165 999,Rp 165 999,N/A,18249,96%,Overwhelmingly Positive,"mostplayed, newreleases, upcomingreleases",Singleplayer,"Full Controller Support, Xbox Controller Support","Windows, macOS"
1106840,Hydroneer,"8 May, 2020",Rp 130 999,Rp 130 999,N/A,19453,86%,Very Positive,"mostplayed, newreleases, upcomingreleases","Co-op, Multi-player, Shared/Split Screen, Shared/Split Screen Co-op, Singleplayer",Xbox Controller Support,Windows
1154030,Titan Quest II,"1 Aug, 2025",Rp 284 999,Rp 284 999,N/A,7095,83%,Very Positive,"mostplayed, newreleases, upcomingreleases","Co-op, Multi-player, Online Co-op, Singleplayer","Full Controller Support, Xbox Controller Support",Windows
4045750,Out of the Park Baseball 27,"13 Mar, 2026",Rp 375 999,Rp 375 999,N/A,327,81%,Very Positive,"mostplayed, newreleases, upcomingreleases","Cross-Platform Multiplayer, Multi-player, Singleplayer",N/A,"Windows, macOS"
2738490,Sol Cesto,"10 Apr, 2026",Rp 122 999,Rp 122 999,N/A,1943,89%,Very Positive,"mostplayed, newreleases, upcomingreleases",Singleplayer,N/A,Windows
2072560,DRAGON BALL GEKISHIN SQUADRA,"9 Sep, 2025",Free,Free,N/A,5300,63%,Mixed,"mostplayed, newreleases, upcomingreleases","Co-op, Multi-player, Online Co-op, Online PvP, PvP","DualShock Controller Support, Dualsense Controller Support, Full Controller Support, Xbox Controller Support",Windows
581320,Insurgency: Sandstorm,"12 Dec, 2018",Rp 259 000,Rp 259 000,N/A,59514,86%,Very Positive,"mostplayed, newreleases, upcomingreleases","Co-op, Cross-Platform Multiplayer, Multi-player, Online Co-op, Online PvP, PvP","Full Controller Support, Xbox Controller Support",Windows
1295510,DRAGON QUEST® XI S: Echoes of an Elusive Age™ - Definitive Edition,"4 Dec, 2020",Rp 579 000,Rp 579 000,N/A,3879,92%,Very Positive,"mostplayed, newreleases, upcomingreleases",Singleplayer,"Full Controller Support, Xbox Controller Support",Windows
424840,Little Nightmares,"27 Apr, 2017",Rp 199 000,Rp 199 000,N/A,18899,94%,Very Positive,"mostplayed, newreleases, upcomingreleases",Singleplayer,"DualShock Controller Support, Full Controller Support, Xbox Controller Support",Windows
292730,Call of Duty®: Infinite Warfare,"3 Nov, 2016",Rp 891 000,Rp 891 000,N/A,9442,62%,Mixed,"mostplayed, newreleases, upcomingreleases","Co-op, Multi-player, Online Co-op, Online PvP, PvP, Singleplayer","Full Controller Support, Xbox Controller Support",Windows
3654560,Plants vs. Zombies™: Replanted,"23 Oct, 2025",Rp 239 000,Rp 239 000,N/A,2948,63%,Mixed,"mostplayed, newreleases, upcomingreleases","Co-op, Multi-player, PvP, Shared/Split Screen, Shared/Split Screen Co-op, Shared/Split Screen PvP, Singleplayer","DualShock Controller Support, Dualsense Controller Support, Full Controller Support, Xbox Controller Support",Windows
3582250,Farm to Table,"9 May, 2026",Rp 134 999,Rp 134 999,N/A,407,92%,Very Positive,"mostplayed, newreleases, upcomingreleases",Singleplayer,N/A,Windows
3483740,Cast n Chill,"16 Jun, 2025",Rp 130 999,Rp 130 999,N/A,4630,96%,Overwhelmingly Positive,"mostplayed, newreleases, upcomingreleases","Co-op, Multi-player, Shared/Split Screen, Shared/Split Screen Co-op, Singleplayer","DualShock Controller Support, Dualsense Controller Support, Full Controller Support, Steam Input API Support, Xbox Controller Support","Windows, macOS"
2764750,The Other Side,"7 Mar, 2025",Rp 122 999,Rp 122 999,N/A,919,93%,Very Positive,"mostplayed, newreleases, upcomingreleases","Co-op, Multi-player, Online Co-op, Singleplayer",N/A,Windows
625960,Stoneshard,"6 Feb, 2020",Rp 129 999,Rp 129 999,N/A,11268,74%,Mostly Positive,"mostplayed, newreleases, upcomingreleases",Singleplayer,N/A,"SteamOS + Linux, Windows"
2794590,Scam Line,"10 Jan, 2026",Rp 47 499,Rp 47 499,N/A,922,85%,Very Positive,"mostplayed, newreleases, upcomingreleases","Co-op, Multi-player, Online Co-op, Online PvP, PvP",N/A,Windows
356190,Middle-earth™: Shadow of War™,"9 Oct, 2017",Rp 389 999,Rp 389 999,N/A,36208,88%,Very Positive,"mostplayed, newreleases, upcomingreleases",Singleplayer,"Full Controller Support, Xbox Controller Support",Windows
1238810,Battlefield™ V,"22 Oct, 2020",Rp 569 000,Rp 569 000,N/A,34899,71%,Mostly Positive,"mostplayed, newreleases, upcomingreleases","Multi-player, Online PvP, PvP, Singleplayer","Full Controller Support, Xbox Controller Support",Windows
2677660,Indiana Jones and the Great Circle,"8 Dec, 2024",Rp 999 999,Rp 999 999,N/A,7420,90%,Very Positive,"mostplayed, newreleases, upcomingreleases",Singleplayer,"DualShock Controller Support, Dualsense Controller Support, Full Controller Support, Gamepad Preferred, Xbox Controller Support",Windows
756800,Contraband Police,"8 Mar, 2023",Rp 259 999,Rp 259 999,N/A,10398,95%,Overwhelmingly Positive,"mostplayed, newreleases, upcomingreleases",Singleplayer,"DualShock Controller Support, Dualsense Controller Support, Full Controller Support, Xbox Controller Support",Windows
2698420,Restore Your Island,"9 Apr, 2026",Rp 119 999,Rp 119 999,N/A,1278,77%,Mostly Positive,"mostplayed, newreleases, upcomingreleases",Singleplayer,"Full Controller Support, Xbox Controller Support",Windows
2739990,Mahjong Soul,"23 Jul, 2024",Free,Free,N/A,2150,87%,Very Positive,"mostplayed, newreleases, upcomingreleases","Cross-Platform Multiplayer, Multi-player, Online PvP, PvP",N/A,Windows
1328670,Mass Effect™ Legendary Edition,"14 May, 2021",Rp 659 000,Rp 659 000,N/A,40385,91%,Very Positive,"mostplayed, newreleases, upcomingreleases",Singleplayer,"Full Controller Support, Xbox Controller Support",Windows
524220,NieR:Automata™,"17 Mar, 2017",Rp 579 000,Rp 579 000,N/A,49521,90%,Very Positive,"mostplayed, newreleases, upcomingreleases",Singleplayer,Xbox Controller Support,Windows
2524890,Pixel Gun 3D: PC Edition,"2 Apr, 2024",Free,Free,N/A,23048,62%,Mixed,"mostplayed, newreleases, upcomingreleases","Co-op, Cross-Platform Multiplayer, Multi-player, Online Co-op, Online PvP, PvP, Singleplayer","DualShock Controller Support, Dualsense Controller Support, Full Controller Support, Xbox Controller Support","Windows, macOS"
3100370,Black Jacket,"12 May, 2026",Rp 134 999,Rp 134 999,N/A,1030,90%,Very Positive,"mostplayed, newreleases, upcomingreleases",Singleplayer,"Full Controller Support, Xbox Controller Support",Windows
899770,Last Epoch,"21 Feb, 2024",Rp 284 999,Rp 284 999,N/A,59447,80%,Very Positive,"mostplayed, newreleases, upcomingreleases","Co-op, Multi-player, Online Co-op, Singleplayer","DualShock Controller Support, Dualsense Controller Support, Full Controller Support, Xbox Controller Support",Windows
200210,Realm of the Mad God Exalt,"20 Feb, 2012",Free,Free,N/A,32685,80%,Very Positive,"mostplayed, newreleases, upcomingreleases","Co-op, Multi-player, Online Co-op",N/A,"Windows, macOS"
582160,Assassin's Creed® Origins,"26 Oct, 2017",Rp 619 000,Rp 619 000,N/A,36342,84%,Very Positive,"mostplayed, newreleases, upcomingreleases",Singleplayer,Xbox Controller Support,Windows
3985670,UBOAT - Type IX: Distant Coasts,"17 Apr, 2026",Rp 149 999,Rp 149 999,N/A,445,50%,Mixed,"mostplayed, newreleases, upcomingreleases",Singleplayer,N/A,Windows
8500,EVE Online,"15 Dec, 2010",Free,Free,N/A,22890,72%,Mostly Positive,"mostplayed, newreleases, upcomingreleases","Co-op, Multi-player, Online Co-op, Online PvP, PvP",N/A,"Windows, macOS"
1054490,Wingspan,"17 Sep, 2020",Rp 169 000,Rp 169 000,N/A,6373,94%,Very Positive,"mostplayed, newreleases, upcomingreleases","Co-op, Cross-Platform Multiplayer, Multi-player, Online Co-op, Online PvP, PvP, Shared/Split Screen Co-op, Shared/Split Screen PvP, Singleplayer","DualShock Controller Support, Dualsense Controller Support, Xbox Controller Support","Windows, macOS"
1866130,Morbid Metal,"8 Apr, 2026",Rp 209 000,Rp 209 000,N/A,1250,81%,Very Positive,"mostplayed, newreleases, upcomingreleases",Singleplayer,"DualShock Controller Support, Dualsense Controller Support, Xbox Controller Support",Windows
3720420,Demon Lord: Just a Block,"29 Apr, 2026",Rp 117 500,Rp 117 500,N/A,1698,96%,Overwhelmingly Positive,"mostplayed, newreleases, upcomingreleases",Singleplayer,"Dualsense Controller Support, Xbox Controller Support",Windows
3256150,Moomintroll: Winter's Warmth,"27 Apr, 2026",Rp 165 999,Rp 132 799,-20%,333,98%,Very Positive,"mostplayed, newreleases, upcomingreleases",Singleplayer,"DualShock Controller Support, Dualsense Controller Support, Full Controller Support, Gamepad Preferred, Xbox Controller Support","Windows, macOS"
1620730,Hell is Us,"4 Sep, 2025",Rp 450 000,Rp 450 000,N/A,2138,85%,Very Positive,"mostplayed, newreleases, upcomingreleases",Singleplayer,"DualShock Controller Support, Dualsense Controller Support, Full Controller Support, Xbox Controller Support",Windows
1592190,BONELAB,"29 Sep, 2022",Rp 299 999,Rp 299 999,N/A,14539,80%,Very Positive,"mostplayed, newreleases, upcomingreleases",Singleplayer,N/A,Windows
552100,Brick Rigs,"14 Jul, 2023",Rp 165 999,Rp 165 999,N/A,27463,95%,Overwhelmingly Positive,"mostplayed, newreleases, upcomingreleases","Multi-player, Online PvP, PvP, Singleplayer",Xbox Controller Support,"SteamOS + Linux, Windows"
1796470,Haste,"1 Apr, 2025",Rp 169 000,Rp 169 000,N/A,8440,93%,Very Positive,"mostplayed, newreleases, upcomingreleases","Co-op, Multi-player, Online Co-op, Singleplayer","DualShock Controller Support, Dualsense Controller Support, Full Controller Support, Xbox Controller Support","SteamOS + Linux, Windows, macOS"
673750,Super Bunny Man,"16 May, 2023",Rp 130 000,Rp 130 000,N/A,1375,89%,Very Positive,"mostplayed, newreleases, upcomingreleases","Co-op, Multi-player, Online Co-op, Online PvP, PvP, Shared/Split Screen, Shared/Split Screen Co-op, Shared/Split Screen PvP, Singleplayer","DualShock Controller Support, Dualsense Controller Support, Full Controller Support, Gamepad Preferred, Xbox Controller Support","SteamOS + Linux, Windows, macOS"
881100,Noita,"15 Oct, 2020",Rp 108 999,Rp 108 999,N/A,46705,95%,Overwhelmingly Positive,"mostplayed, newreleases, upcomingreleases",Singleplayer,Xbox Controller Support,Windows
2753970,MARVEL Cosmic Invasion,"1 Dec, 2025",Rp 289 298,Rp 289 298,N/A,1998,88%,Very Positive,"mostplayed, newreleases, upcomingreleases","Co-op, Cross-Platform Multiplayer, Multi-player, Online Co-op, Shared/Split Screen, Shared/Split Screen Co-op, Singleplayer","DualShock Controller Support, Dualsense Controller Support, Full Controller Support, Gamepad Preferred, Steam Input API Support, Xbox Controller Support","SteamOS + Linux, Windows"
386940,Ultimate Chicken Horse,"4 Mar, 2016",Rp 130 000,Rp 130 000,N/A,14380,96%,Overwhelmingly Positive,"mostplayed, newreleases, upcomingreleases","Co-op, Cross-Platform Multiplayer, Multi-player, Online Co-op, Online PvP, PvP, Shared/Split Screen, Shared/Split Screen Co-op, Shared/Split Screen PvP","DualShock Controller Support, Dualsense Controller Support, Full Controller Support, Xbox Controller Support","SteamOS + Linux, Windows, macOS"
860510,Little Nightmares II,"10 Feb, 2021",Rp 299 000,Rp 299 000,N/A,15671,93%,Very Positive,"mostplayed, newreleases, upcomingreleases",Singleplayer,"DualShock Controller Support, Dualsense Controller Support, Full Controller Support, Xbox Controller Support",Windows
2706020,ALL WILL FALL,"3 Apr, 2026",Rp 245 999,Rp 245 999,N/A,1049,76%,Mostly Positive,"mostplayed, newreleases, upcomingreleases",Singleplayer,N/A,Windows
4656700,Papa's Mocharia Deluxe,"2 Jun, 2026",Rp 58 499,Rp 58 499,N/A,461,94%,Very Positive,"mostplayed, newreleases, upcomingreleases",Singleplayer,N/A,Windows
1607890,Risk of Rain 2: Survivors of the Void,"1 Mar, 2022",Rp 80 999,Rp 80 999,N/A,4186,87%,Very Positive,"mostplayed, newreleases, upcomingreleases","Co-op, Multi-player, Online Co-op, Online PvP, PvP, Singleplayer","Full Controller Support, Xbox Controller Support",Windows
2966320,Starsand Island,"11 Feb, 2026",Rp 213 691,Rp 213 691,N/A,2416,89%,Very Positive,"mostplayed, newreleases, upcomingreleases",Singleplayer,"Dualsense Controller Support, Full Controller Support, Xbox Controller Support",Windows
1997040,MARVEL SNAP,"22 Aug, 2023",Free,Free,N/A,19874,67%,Mixed,"mostplayed, newreleases, upcomingreleases","Cross-Platform Multiplayer, Multi-player, Online PvP, PvP",N/A,Windows
10090,Call of Duty: World at War,"18 Nov, 2008",Rp 299 000,Rp 299 000,N/A,33290,92%,Very Positive,"mostplayed, newreleases, upcomingreleases","Co-op, Multi-player, Singleplayer",N/A,Windows
2014780,X-Plane 12,"17 Dec, 2022",Rp 449 999,Rp 449 999,N/A,2922,86%,Very Positive,"mostplayed, newreleases, upcomingreleases","Co-op, LAN Co-op, Multi-player, Singleplayer",Xbox Controller Support,"SteamOS + Linux, Windows, macOS"
588430,Fallout Shelter,"29 Mar, 2017",Free,Free,N/A,32637,85%,Very Positive,"mostplayed, newreleases, upcomingreleases",Singleplayer,"Full Controller Support, Xbox Controller Support",Windows
24010,Train Simulator Classic,"17 Sep, 2015",Rp 245 999,Rp 245 999,N/A,10640,73%,Mostly Positive,"mostplayed, newreleases, upcomingreleases",Singleplayer,"Full Controller Support, Xbox Controller Support",Windows
1336490,Against the Storm,"8 Dec, 2023",Rp 199 999,Rp 199 999,N/A,18476,95%,Overwhelmingly Positive,"mostplayed, newreleases, upcomingreleases",Singleplayer,N/A,Windows
319630,Life is Strange - Episode 1,"29 Jan, 2015",Free,Free,N/A,75974,95%,Overwhelmingly Positive,"mostplayed, newreleases, upcomingreleases",Singleplayer,"Full Controller Support, Xbox Controller Support","SteamOS + Linux, Windows, macOS"
3976500,The Spotter: Dig or Die,"7 Apr, 2026",Rp 158 848,Rp 115 626,-27%,1515,86%,Very Positive,"mostplayed, newreleases, upcomingreleases",Singleplayer,"DualShock Controller Support, Dualsense Controller Support, Full Controller Support, Xbox Controller Support",Windows
1133870,Space Engineers 2,"27 Jan, 2025",Rp 499 999,Rp 499 999,N/A,2881,74%,Mostly Positive,"mostplayed, newreleases, upcomingreleases",Singleplayer,N/A,Windows
